year,race_number,boat_type,section_code,lane,team,Q1,Q2,Q3,Q4,order,qualify,Q1[s],Q2[s],Q3[s],Q4[s]
,5,m1x,Heat1組,1,西村 光生(アイリスオーヤマ),01:44.59,03:34.18,05:26.79,07:17.66,3,→Semi-Final,104.6,214.2,326.8,437.7
,5,m1x,Heat1組,2,山口 隆生(東京科学大学医歯学系),01:50.81,03:51.73,05:50.00,07:51.12,2,,110.8,231.7,350.0,471.1
,5,m1x,Heat1組,3,増田 大樹(PENTA RC),01:55.67,03:56.88,05:59.13,07:59.65,1,,115.7,236.9,359.1,479.6
,5,m1x,Heat1組,4,猪俣 智仁(中央大学理工学部),01:56.58,04:02.77,06:11.74,08:20.45,4,,116.6,242.8,371.7,500.4
,5,m1x,Heat1組,,上戸 新太(東京経済大学),,,,,5,DNS（棄権）,,,,
,5,m1x,Heat1組,,,,,,,6,,,,,
,6,m1x,Heat2組,1,扇原 優(慶應義塾大学),01:48.11,03:41.85,05:38.56,07:41.82,5,→Semi-Final,108.1,221.8,338.6,461.8
,6,m1x,Heat2組,2,釜本 大輝(トヨタRC),01:54.95,03:51.69,05:48.07,07:44.03,4,,115.0,231.7,348.1,464.0
,6,m1x,Heat2組,3,塚本 章良(勘八峡・昇龍RC),01:52.80,03:51.24,05:53.87,07:55.83,1,,112.8,231.2,353.9,475.8
,6,m1x,Heat2組,4,濱川 政之介(日本体育大学),01:56.81,03:56.40,05:58.47,08:01.59,2,,116.8,236.4,358.5,481.6
,6,m1x,Heat2組,5,高野 亮介(戸田中央総合病院RC),01:57.37,03:59.69,06:05.64,08:14.36,3,,117.4,239.7,365.6,494.4
,6,m1x,Heat2組,,,,,,,6,,,,,
,7,m1x,Heat3組,1,大南 孝一郎(愛媛大学),01:52.52,03:47.97,05:41.90,07:33.98,4,→Semi-Final,112.5,228.0,341.9,454.0
,7,m1x,Heat3組,2,川竹 葉来(明治大学),01:52.04,03:46.87,05:42.16,07:36.99,5,,112.0,226.9,342.2,457.0
,7,m1x,Heat3組,3,羽賀 直喜(千葉大学),01:52.24,03:46.57,05:44.23,07:40.52,3,,112.2,226.6,344.2,460.5
,7,m1x,Heat3組,4,武田 大作(愛媛大学黒汐会),01:56.58,03:55.11,05:54.91,07:52.59,1,,116.6,235.1,354.9,472.6
,7,m1x,Heat3組,,杉谷 太規(早稲田大学),,,,,2,DNS（棄権）,,,,
,7,m1x,Heat3組,,,,,,,6,,,,,
,8,m1x,Heat4組,1,橋本 太一(明治安田),01:49.10,03:43.52,05:38.22,07:33.15,3,→Semi-Final,109.1,223.5,338.2,453.1
,8,m1x,Heat4組,2,下田 迅都(富山国際大学),01:52.33,03:47.80,05:44.30,07:41.96,2,,112.3,227.8,344.3,462.0
,8,m1x,Heat4組,3,椎名 孝行(ぐんまちゃん),01:59.93,04:02.66,06:07.70,08:13.47,5,,119.9,242.7,367.7,493.5
,8,m1x,Heat4組,4,山崎 海聖(一橋大学),02:01.13,04:06.57,06:13.63,08:24.35,1,,121.1,246.6,373.6,504.4
,8,m1x,Heat4組,,石塚 慎之助(日本宅配システム),,,,,4,DNS（棄権）,,,,
,8,m1x,Heat4組,,,,,,,6,,,,,
,9,m1x,Heat5組,1,間 祐輔(仙台大学),01:50.49,03:46.71,05:41.13,07:31.39,4,→Semi-Final,110.5,226.7,341.1,451.4
,9,m1x,Heat5組,2,柘植 充(中部電力),01:47.23,03:41.13,05:39.21,07:37.19,1,,107.2,221.1,339.2,457.2
,9,m1x,Heat5組,3,南條 翔也(瀬田漕艇クラブ),01:54.11,03:48.69,05:44.14,07:43.48,3,,114.1,228.7,344.1,463.5
,9,m1x,Heat5組,4,柴﨑 峻佑(日本大学),01:49.49,03:47.35,05:49.94,07:50.48,2,,109.5,227.3,349.9,470.5
,9,m1x,Heat5組,5,川島 俊輔(成城大学),01:51.70,03:50.78,05:52.63,07:56.84,5,,111.7,230.8,352.6,476.8
,9,m1x,Heat5組,,,,,,,6,,,,,
,10,m1x,Heat6組,1,佐藤 芳樹(TeamSSP),01:46.83,03:40.92,05:36.17,07:34.42,3,→Semi-Final,106.8,220.9,336.2,454.4
,10,m1x,Heat6組,2,伊藤 旺我(滋賀大学教育学部),01:53.34,03:50.80,05:44.94,07:37.54,4,,113.3,230.8,344.9,457.5
,10,m1x,Heat6組,3,呉 極(学習院大学),01:55.27,03:50.29,05:45.48,07:40.21,5,,115.3,230.3,345.5,460.2
,10,m1x,Heat6組,4,堀越 春生(中央大学),01:51.94,03:49.99,05:54.52,07:57.46,1,,111.9,230.0,354.5,477.5
,10,m1x,Heat6組,5,杉木 良平(道新ローイングクラブ),01:58.36,03:59.83,06:05.00,08:11.95,2,,118.4,239.8,365.0,491.9
,10,m1x,Heat6組,,,,,,,6,,,,,
,45,m1x,Repechage1組,,武田 大作(愛媛大学黒汐会),,,,,1,,,,,
,45,m1x,Repechage1組,,山口 隆生(東京科学大学医歯学系),,,,,2,,,,,
,45,m1x,Repechage1組,,塚本 章良(勘八峡・昇龍RC),,,,,3,,,,,
,45,m1x,Repechage1組,,,,,,,4,,,,,
,45,m1x,Repechage1組,,,,,,,5,,,,,
,45,m1x,Repechage1組,,,,,,,6,,,,,
,46,m1x,Repechage2組,,山崎 海聖(一橋大学),,,,,1,,,,,
,46,m1x,Repechage2組,,釜本 大輝(トヨタRC),,,,,2,,,,,
,46,m1x,Repechage2組,,羽賀 直喜(千葉大学),,,,,3,,,,,
,46,m1x,Repechage2組,,川島 俊輔(成城大学),,,,,4,,,,,
,46,m1x,Repechage2組,,,,,,,5,,,,,
,46,m1x,Repechage2組,,,,,,,6,,,,,
,47,m1x,Repechage3組,,柴﨑 峻佑(日本大学),,,,,1,,,,,
,47,m1x,Repechage3組,,川竹 葉来(明治大学),,,,,2,,,,,
,47,m1x,Repechage3組,,椎名 孝行(ぐんまちゃん),,,,,3,,,,,
,47,m1x,Repechage3組,,杉木 良平(道新ローイングクラブ),,,,,4,,,,,
,47,m1x,Repechage3組,,,,,,,5,,,,,
,47,m1x,Repechage3組,,,,,,,6,,,,,
,48,m1x,Repechage4組,,堀越 春生(中央大学),,,,,1,,,,,
,48,m1x,Repechage4組,,下田 迅都(富山国際大学),,,,,2,,,,,
,48,m1x,Repechage4組,,南條 翔也(瀬田漕艇クラブ),,,,,3,,,,,
,48,m1x,Repechage4組,,,,,,,4,,,,,
,48,m1x,Repechage4組,,,,,,,5,,,,,
,48,m1x,Repechage4組,,,,,,,6,,,,,
,49,m1x,Repechage5組,,猪俣 智仁(中央大学理工学部),,,,,1,,,,,
,49,m1x,Repechage5組,,柘植 充(中部電力),,,,,2,,,,,
,49,m1x,Repechage5組,,呉 極(学習院大学),,,,,3,,,,,
,49,m1x,Repechage5組,,高野 亮介(戸田中央総合病院RC),,,,,4,,,,,
,49,m1x,Repechage5組,,,,,,,5,,,,,
,49,m1x,Repechage5組,,,,,,,6,,,,,
,50,m1x,Repechage6組,,濱川 政之介(日本体育大学),,,,,1,,,,,
,50,m1x,Repechage6組,,伊藤 旺我(滋賀大学教育学部),,,,,2,,,,,
,50,m1x,Repechage6組,,増田 大樹(PENTA RC),,,,,3,,,,,
,50,m1x,Repechage6組,,,,,,,4,,,,,
,50,m1x,Repechage6組,,,,,,,5,,,,,
,50,m1x,Repechage6組,,,,,,,6,,,,,
,72,m1x,Final D,,,,,,,1,,,,,
,72,m1x,Final D,,,,,,,2,,,,,
,72,m1x,Final D,,,,,,,3,,,,,
,72,m1x,Final D,,,,,,,4,,,,,
,72,m1x,Final D,,,,,,,5,,,,,
,72,m1x,Final D,,,,,,,6,,,,,
,74,m1x,Final C,,,,,,,1,,,,,
,74,m1x,Final C,,,,,,,2,,,,,
,74,m1x,Final C,,,,,,,3,,,,,
,74,m1x,Final C,,,,,,,4,,,,,
,74,m1x,Final C,,,,,,,5,,,,,
,74,m1x,Final C,,,,,,,6,,,,,
,83,m1x,SemiFinal1組,,,,,,,1,,,,,
,83,m1x,SemiFinal1組,,,,,,,2,,,,,
,83,m1x,SemiFinal1組,,,,,,,3,,,,,
,83,m1x,SemiFinal1組,,,,,,,4,,,,,
,83,m1x,SemiFinal1組,,,,,,,5,,,,,
,83,m1x,SemiFinal1組,,,,,,,6,,,,,
,84,m1x,SemiFinal2組,,,,,,,1,,,,,
,84,m1x,SemiFinal2組,,,,,,,2,,,,,
,84,m1x,SemiFinal2組,,,,,,,3,,,,,
,84,m1x,SemiFinal2組,,,,,,,4,,,,,
,84,m1x,SemiFinal2組,,,,,,,5,,,,,
,84,m1x,SemiFinal2組,,,,,,,6,,,,,
,103,m1x,Final B,,,,,,,1,,,,,
,103,m1x,Final B,,,,,,,2,,,,,
,103,m1x,Final B,,,,,,,3,,,,,
,103,m1x,Final B,,,,,,,4,,,,,
,103,m1x,Final B,,,,,,,5,,,,,
,103,m1x,Final B,,,,,,,6,,,,,
,104,m1x,Final A,,,,,,,1,,,,,
,104,m1x,Final A,,,,,,,2,,,,,
,104,m1x,Final A,,,,,,,3,,,,,
,104,m1x,Final A,,,,,,,4,,,,,
,104,m1x,Final A,,,,,,,5,,,,,
,104,m1x,Final A,,,,,,,6,,,,,
,1,w1x,Heat1組,1,米川 志保(トヨタ自動車),01:53.86,03:51.54,05:54.22,07:55.43,3,→Semi-Final,113.9,231.5,354.2,475.4
,1,w1x,Heat1組,2,中山 彩花(チョープロ),01:59.36,04:01.22,06:07.68,08:11.38,4,→Semi-Final,119.4,241.2,367.7,491.4
,1,w1x,Heat1組,3,岡田 佳(瀬田漕艇クラブ),01:59.58,04:05.40,06:13.71,08:20.33,2,,119.6,245.4,373.7,500.3
,1,w1x,Heat1組,4,濵田 佳穂(東京外国語大学),02:07.36,04:17.74,06:30.54,08:39.82,1,,127.4,257.7,390.5,519.8
,1,w1x,Heat1組,5,石井 友望(東北大学),02:08.59,04:19.85,06:33.37,08:43.36,5,,128.6,259.9,393.4,523.4
,1,w1x,Heat1組,,,,,,,6,,,,,
,2,w1x,Heat2組,1,山領 夏実(今治ローイングクラブ),02:03.03,04:11.93,06:20.81,08:27.50,4,→Semi-Final,123.0,251.9,380.8,507.5
,2,w1x,Heat2組,2,新郷 華乃(富山国際大学),02:05.54,04:18.48,06:29.08,08:40.65,2,→Semi-Final,125.5,258.5,389.1,520.6
,2,w1x,Heat2組,3,三角 真由(龍谷大学),02:03.94,04:15.05,06:28.68,08:46.39,1,,123.9,255.1,388.7,526.4
,2,w1x,Heat2組,4,小島 遥未(東京経済大学),02:13.64,04:32.90,06:50.23,09:06.22,5,,133.6,272.9,410.2,546.2
,2,w1x,Heat2組,,平野 空良(一橋大学),,,,,3,DNS（棄権）,,,,
,2,w1x,Heat2組,,,,,,,6,,,,,
,3,w1x,Heat3組,1,浅井 奏音(新貞山RC),01:55.88,03:57.93,06:04.03,08:10.06,3,→Semi-Final,115.9,237.9,364.0,490.1
,3,w1x,Heat3組,2,田井 夏帆(トヨタRC),02:00.15,04:05.01,06:14.53,08:23.76,2,→Semi-Final,120.2,245.0,374.5,503.8
,3,w1x,Heat3組,3,石田 ゆき(京都大学),02:02.84,04:12.08,06:22.13,08:28.04,4,,122.8,252.1,382.1,508.0
,3,w1x,Heat3組,4,渡邊 日菜(茨城大学),02:08.52,04:22.83,06:36.76,08:48.18,5,,128.5,262.8,396.8,528.2
,3,w1x,Heat3組,5,沖田 海里(北陸電気工業),02:04.98,04:21.43,06:40.44,08:59.50,1,,125.0,261.4,400.4,539.5
,3,w1x,Heat3組,,,,,,,6,,,,,
,4,w1x,Heat4組,1,角谷 真緒(アイリスオーヤマ),01:59.72,04:02.04,06:05.34,08:02.88,2,→Semi-Final,119.7,242.0,365.3,482.9
,4,w1x,Heat4組,2,銖藤 蓮(滋賀大学),02:02.68,04:09.63,06:15.00,08:20.32,3,→Semi-Final,122.7,249.6,375.0,500.3
,4,w1x,Heat4組,3,馬井 風羽花(中央大学),02:06.49,04:14.13,06:22.54,08:32.20,1,,126.5,254.1,382.5,512.2
,4,w1x,Heat4組,4,山吹 真里亜(関西みらい銀行),02:06.89,04:17.36,06:30.64,08:43.94,4,,126.9,257.4,390.6,523.9
,4,w1x,Heat4組,,,,,,,5,,,,,
,4,w1x,Heat4組,,,,,,,6,,,,,
,43,w1x,Repechage1組,,石井 友望(東北大学),,,,,1,,,,,
,43,w1x,Repechage1組,,小島 遥未(東京経済大学),,,,,2,,,,,
,43,w1x,Repechage1組,,岡田 佳(瀬田漕艇クラブ),,,,,3,,,,,
,43,w1x,Repechage1組,,石田 ゆき(京都大学),,,,,4,,,,,
,43,w1x,Repechage1組,,山吹 真里亜(関西みらい銀行),,,,,5,,,,,
,43,w1x,Repechage1組,,,,,,,6,,,,,
,44,w1x,Repechage2組,,濵田 佳穂(東京外国語大学),,,,,1,,,,,
,44,w1x,Repechage2組,,三角 真由(龍谷大学),,,,,2,,,,,
,44,w1x,Repechage2組,,馬井 風羽花(中央大学),,,,,3,,,,,
,44,w1x,Repechage2組,,渡邊 日菜(茨城大学),,,,,4,,,,,
,44,w1x,Repechage2組,,沖田 海里(北陸電気工業),,,,,5,,,,,
,44,w1x,Repechage2組,,,,,,,6,,,,,
,66,w1x,SemiFinal1組,,,,,,,1,,,,,
,66,w1x,SemiFinal1組,,,,,,,2,,,,,
,66,w1x,SemiFinal1組,,,,,,,3,,,,,
,66,w1x,SemiFinal1組,,,,,,,4,,,,,
,66,w1x,SemiFinal1組,,,,,,,5,,,,,
,66,w1x,SemiFinal1組,,,,,,,6,,,,,
,67,w1x,SemiFinal2組,,,,,,,1,,,,,
,67,w1x,SemiFinal2組,,,,,,,2,,,,,
,67,w1x,SemiFinal2組,,,,,,,3,,,,,
,67,w1x,SemiFinal2組,,,,,,,4,,,,,
,67,w1x,SemiFinal2組,,,,,,,5,,,,,
,67,w1x,SemiFinal2組,,,,,,,6,,,,,
,73,w1x,Final C,,,,,,,1,,,,,
,73,w1x,Final C,,,,,,,2,,,,,
,73,w1x,Final C,,,,,,,3,,,,,
,73,w1x,Final C,,,,,,,4,,,,,
,73,w1x,Final C,,,,,,,5,,,,,
,73,w1x,Final C,,,,,,,6,,,,,
,99,w1x,Final B,,,,,,,1,,,,,
,99,w1x,Final B,,,,,,,2,,,,,
,99,w1x,Final B,,,,,,,3,,,,,
,99,w1x,Final B,,,,,,,4,,,,,
,99,w1x,Final B,,,,,,,5,,,,,
,99,w1x,Final B,,,,,,,6,,,,,
,100,w1x,Final A,,,,,,,1,,,,,
,100,w1x,Final A,,,,,,,2,,,,,
,100,w1x,Final A,,,,,,,3,,,,,
,100,w1x,Final A,,,,,,,4,,,,,
,100,w1x,Final A,,,,,,,5,,,,,
,100,w1x,Final A,,,,,,,6,,,,,
,22,m2x,Heat1組,1,関西電力,01:37.63,03:17.08,04:55.88,06:34.95,2,→Final A,97.6,197.1,295.9,394.9
,22,m2x,Heat1組,2,立命館大学,01:38.97,03:20.95,05:04.98,06:50.54,3,,99.0,200.9,305.0,410.5
,22,m2x,Heat1組,3,RTT,01:39.96,03:24.37,05:10.98,06:58.54,1,,100.0,204.4,311.0,418.5
,22,m2x,Heat1組,4,龍谷大学,01:41.29,03:28.66,05:18.22,07:07.93,4,,101.3,208.7,318.2,427.9
,22,m2x,Heat1組,,,,,,,5,,,,,
,22,m2x,Heat1組,,,,,,,6,,,,,
,23,m2x,Heat2組,1,日本体育大学,01:38.05,03:19.36,05:02.26,06:50.62,2,→Final A,98.0,199.4,302.3,410.6
,23,m2x,Heat2組,2,日本大学,01:37.86,03:21.92,05:07.00,06:57.40,3,,97.9,201.9,307.0,417.4
,23,m2x,Heat2組,3,中部電力,01:40.60,03:26.50,05:13.03,07:02.81,1,,100.6,206.5,313.0,422.8
,23,m2x,Heat2組,,,,,,,4,,,,,
,23,m2x,Heat2組,,,,,,,5,,,,,
,23,m2x,Heat2組,,,,,,,6,,,,,
,54,m2x,Repechage,,龍谷大学,,,,,1,,,,,
,54,m2x,Repechage,,中部電力,,,,,2,,,,,
,54,m2x,Repechage,,立命館大学,,,,,3,,,,,
,54,m2x,Repechage,,日本大学,,,,,4,,,,,
,54,m2x,Repechage,,RTT,,,,,5,,,,,
,54,m2x,Repechage,,,,,,,6,,,,,
,93,m2x,Final A,,,,,,,1,,,,,
,93,m2x,Final A,,,,,,,2,,,,,
,93,m2x,Final A,,,,,,,3,,,,,
,93,m2x,Final A,,,,,,,4,,,,,
,93,m2x,Final A,,,,,,,5,,,,,
,93,m2x,Final A,,,,,,,6,,,,,
,11,w2x,Heat1組,1,トヨタ紡織,01:48.18,03:39.94,05:32.66,07:24.63,3,→Semi-Final,108.2,219.9,332.7,444.6
,11,w2x,Heat1組,2,今治造船,01:50.42,03:48.31,05:47.48,07:43.92,2,→Semi-Final,110.4,228.3,347.5,463.9
,11,w2x,Heat1組,3,早稲田大学,01:57.16,03:58.90,05:56.34,07:48.83,4,→Semi-Final,117.2,238.9,356.3,468.8
,11,w2x,Heat1組,4,中部電力,01:56.39,03:55.78,05:54.53,07:51.13,1,,116.4,235.8,354.5,471.1
,11,w2x,Heat1組,5,東京経済大学,01:57.96,03:57.78,05:56.67,07:52.53,5,,118.0,237.8,356.7,472.5
,11,w2x,Heat1組,,,,,,,6,,,,,
,12,w2x,Heat2組,1,明治安田,01:47.87,03:42.01,05:38.77,07:33.42,2,→Semi-Final,107.9,222.0,338.8,453.4
,12,w2x,Heat2組,2,同志社大学,01:50.15,03:46.13,05:42.62,07:39.91,3,→Semi-Final,110.2,226.1,342.6,459.9
,12,w2x,Heat2組,3,法政大学,01:52.27,03:52.16,05:53.64,07:54.25,1,→Semi-Final,112.3,232.2,353.6,474.2
,12,w2x,Heat2組,4,慶應義塾大学,01:56.55,04:00.12,06:02.77,08:05.16,4,,116.5,240.1,362.8,485.2
,12,w2x,Heat2組,,,,,,,5,,,,,
,12,w2x,Heat2組,,,,,,,6,,,,,
,13,w2x,Heat3組,1,戸田中央総合病院RC,01:49.59,03:43.75,05:38.66,07:32.82,4,→Semi-Final,109.6,223.8,338.7,452.8
,13,w2x,Heat3組,2,関西電力,01:51.83,03:49.03,05:48.04,07:45.25,2,→Semi-Final,111.8,229.0,348.0,465.2
,13,w2x,Heat3組,3,中央大学,01:53.40,03:50.76,05:53.41,07:54.02,3,→Semi-Final,113.4,230.8,353.4,474.0
,13,w2x,Heat3組,4,関西みらい銀行,01:56.86,03:58.76,06:00.20,08:01.32,1,,116.9,238.8,360.2,481.3
,13,w2x,Heat3組,,,,,,,5,,,,,
,13,w2x,Heat3組,,,,,,,6,,,,,
,51,w2x,Repechage,,,,,,,1,,,,,
,51,w2x,Repechage,,,,,,,2,,,,,
,51,w2x,Repechage,,,,,,,3,,,,,
,51,w2x,Repechage,,,,,,,4,,,,,
,51,w2x,Repechage,,,,,,,5,,,,,
,51,w2x,Repechage,,,,,,,6,,,,,
,68,w2x,SemiFinal1組,,,,,,,1,,,,,
,68,w2x,SemiFinal1組,,,,,,,2,,,,,
,68,w2x,SemiFinal1組,,,,,,,3,,,,,
,68,w2x,SemiFinal1組,,,,,,,4,,,,,
,68,w2x,SemiFinal1組,,,,,,,5,,,,,
,68,w2x,SemiFinal1組,,,,,,,6,,,,,
,69,w2x,SemiFinal2組,,,,,,,1,,,,,
,69,w2x,SemiFinal2組,,,,,,,2,,,,,
,69,w2x,SemiFinal2組,,,,,,,3,,,,,
,69,w2x,SemiFinal2組,,,,,,,4,,,,,
,69,w2x,SemiFinal2組,,,,,,,5,,,,,
,69,w2x,SemiFinal2組,,,,,,,6,,,,,
,106,w2x,Final B,,,,,,,1,,,,,
,106,w2x,Final B,,,,,,,2,,,,,
,106,w2x,Final B,,,,,,,3,,,,,
,106,w2x,Final B,,,,,,,4,,,,,
,106,w2x,Final B,,,,,,,5,,,,,
,106,w2x,Final B,,,,,,,6,,,,,
,107,w2x,Final A,,,,,,,1,,,,,
,107,w2x,Final A,,,,,,,2,,,,,
,107,w2x,Final A,,,,,,,3,,,,,
,107,w2x,Final A,,,,,,,4,,,,,
,107,w2x,Final A,,,,,,,5,,,,,
,107,w2x,Final A,,,,,,,6,,,,,
,26,m2-,Heat1組,1,東レ滋賀,01:43.38,03:28.49,05:14.62,06:59.51,4,→Final A,103.4,208.5,314.6,419.5
,26,m2-,Heat1組,2,早稲田大学,01:41.41,03:26.37,05:11.95,07:01.83,1,→Final A,101.4,206.4,311.9,421.8
,26,m2-,Heat1組,3,米子漕艇クラブ,01:46.27,03:33.97,05:20.37,07:09.54,5,,106.3,214.0,320.4,429.5
,26,m2-,Heat1組,4,金沢大学,01:46.34,03:34.94,05:24.40,07:17.20,2,,106.3,214.9,324.4,437.2
,26,m2-,Heat1組,5,明治大学,01:46.21,03:36.85,05:28.02,07:23.95,3,,106.2,216.8,328.0,443.9
,26,m2-,Heat1組,,,,,,,6,,,,,
,27,m2-,Heat2組,1,日本大学,01:44.82,03:31.80,05:19.72,07:06.27,3,→Final A,104.8,211.8,319.7,426.3
,27,m2-,Heat2組,2,慶應義塾大学,01:46.86,03:34.63,05:24.92,07:10.87,4,→Final A,106.9,214.6,324.9,430.9
,27,m2-,Heat2組,3,TeamSSP,01:45.82,03:35.12,05:23.88,07:11.41,2,,105.8,215.1,323.9,431.4
,27,m2-,Heat2組,4,京都大学,01:46.25,03:38.47,05:34.16,07:35.23,1,,106.2,218.5,334.2,455.2
,27,m2-,Heat2組,,,,,,,5,,,,,
,27,m2-,Heat2組,,,,,,,6,,,,,
,56,m2-,Repechage,,明治大学,,,,,1,,,,,
,56,m2-,Repechage,,京都大学,,,,,2,,,,,
,56,m2-,Repechage,,米子漕艇クラブ,,,,,3,,,,,
,56,m2-,Repechage,,TeamSSP,,,,,4,,,,,
,56,m2-,Repechage,,金沢大学,,,,,5,,,,,
,56,m2-,Repechage,,,,,,,6,,,,,
,94,m2-,Final B,,,,,,,1,,,,,
,94,m2-,Final B,,,,,,,2,,,,,
,94,m2-,Final B,,,,,,,3,,,,,
,94,m2-,Final B,,,,,,,4,,,,,
,94,m2-,Final B,,,,,,,5,,,,,
,94,m2-,Final B,,,,,,,6,,,,,
,95,m2-,Final A,,,,,,,1,,,,,
,95,m2-,Final A,,,,,,,2,,,,,
,95,m2-,Final A,,,,,,,3,,,,,
,95,m2-,Final A,,,,,,,4,,,,,
,95,m2-,Final A,,,,,,,5,,,,,
,95,m2-,Final A,,,,,,,6,,,,,
,16,w2-,Preliminary,1,戸田中央総合病院RC,01:57.52,03:56.47,05:56.15,07:57.27,1,→Final A,117.5,236.5,356.1,477.3
,16,w2-,Preliminary,2,神戸大学,01:56.03,03:56.02,05:57.19,08:01.41,6,→Final A,116.0,236.0,357.2,481.4
,16,w2-,Preliminary,3,NTT東日本,01:57.85,03:59.48,06:03.88,08:06.08,4,→Final A,117.8,239.5,363.9,486.1
,16,w2-,Preliminary,4,中部電力,01:58.28,04:01.61,06:03.16,08:07.70,5,→Final A,118.3,241.6,363.2,487.7
,16,w2-,Preliminary,5,大阪大学,02:01.35,04:04.25,06:06.68,08:11.55,2,→Final A,121.3,244.2,366.7,491.6
,16,w2-,Preliminary,6,一橋大学,02:06.55,04:15.77,06:29.06,08:44.94,3,→Final A,126.5,255.8,389.1,524.9
,75,w2-,Final A,,大阪大学,,,,,1,,,,,
,75,w2-,Final A,,NTT東日本,,,,,2,,,,,
,75,w2-,Final A,,戸田中央総合病院RC,,,,,3,,,,,
,75,w2-,Final A,,神戸大学,,,,,4,,,,,
,75,w2-,Final A,,中部電力,,,,,5,,,,,
,75,w2-,Final A,,一橋大学,,,,,6,,,,,
,33,m4-,Heat1組,1,NTT東日本,01:35.51,03:09.84,04:43.37,06:18.65,2,→Semi-Final,95.5,189.8,283.4,378.6
,33,m4-,Heat1組,2,トヨタ紡織,01:36.58,03:13.10,04:49.47,06:27.83,6,→Semi-Final,96.6,193.1,289.5,387.8
,33,m4-,Heat1組,3,早稲田大学,01:36.06,03:14.96,04:54.16,06:36.76,3,,96.1,195.0,294.2,396.8
,33,m4-,Heat1組,4,関西学院大学,01:37.18,03:17.44,04:59.03,06:45.94,4,,97.2,197.4,299.0,405.9
,33,m4-,Heat1組,5,日本大学,01:39.61,03:31.20,05:11.39,06:54.60,5,,99.6,211.2,311.4,414.6
,33,m4-,Heat1組,6,同志社大学,01:40.09,03:24.73,05:10.40,06:57.18,1,,100.1,204.7,310.4,417.2
,34,m4-,Heat2組,1,戸田中央総合病院RC,01:34.94,03:11.05,04:46.78,06:23.45,2,→Semi-Final,94.9,191.1,286.8,383.4
,34,m4-,Heat2組,2,立教大学,01:36.94,03:14.83,04:52.96,06:32.83,5,→Semi-Final,96.9,194.8,293.0,392.8
,34,m4-,Heat2組,3,法政大学,01:39.00,03:19.31,05:00.85,06:44.15,1,,99.0,199.3,300.9,404.1
,34,m4-,Heat2組,4,富山国際大学,01:39.47,03:21.93,05:03.39,06:48.59,3,,99.5,201.9,303.4,408.6
,34,m4-,Heat2組,5,一橋大学,01:40.86,03:23.18,05:08.15,06:54.03,4,,100.9,203.2,308.1,414.0
,34,m4-,Heat2組,,,,,,,6,,,,,
,35,m4-,Heat3組,1,関西電力,01:39.42,03:18.07,04:57.17,06:35.12,2,→Semi-Final,99.4,198.1,297.2,395.1
,35,m4-,Heat3組,2,京都大学,01:37.79,03:18.54,04:58.13,06:37.70,4,→Semi-Final,97.8,198.5,298.1,397.7
,35,m4-,Heat3組,3,日本体育大学,01:37.53,03:17.82,04:58.63,06:39.98,5,,97.5,197.8,298.6,400.0
,35,m4-,Heat3組,4,慶應義塾大学,01:38.92,03:21.14,05:04.31,06:50.87,3,,98.9,201.1,304.3,410.9
,35,m4-,Heat3組,5,明治大学,01:38.25,03:20.01,05:07.06,06:52.81,1,,98.2,200.0,307.1,412.8
,35,m4-,Heat3組,,,,,,,6,,,,,
,61,m4-,Repechage1組,,同志社大学,,,,,1,,,,,
,61,m4-,Repechage1組,,富山国際大学,,,,,2,,,,,
,61,m4-,Repechage1組,,早稲田大学,,,,,3,,,,,
,61,m4-,Repechage1組,,日本体育大学,,,,,4,,,,,
,61,m4-,Repechage1組,,明治大学,,,,,5,,,,,
,61,m4-,Repechage1組,,,,,,,6,,,,,
,62,m4-,Repechage2組,,一橋大学,,,,,1,,,,,
,62,m4-,Repechage2組,,慶應義塾大学,,,,,2,,,,,
,62,m4-,Repechage2組,,法政大学,,,,,3,,,,,
,62,m4-,Repechage2組,,関西学院大学,,,,,4,,,,,
,62,m4-,Repechage2組,,日本大学,,,,,5,,,,,
,62,m4-,Repechage2組,,,,,,,6,,,,,
,80,m4-,Final C,,,,,,,1,,,,,
,80,m4-,Final C,,,,,,,2,,,,,
,80,m4-,Final C,,,,,,,3,,,,,
,80,m4-,Final C,,,,,,,4,,,,,
,80,m4-,Final C,,,,,,,5,,,,,
,80,m4-,Final C,,,,,,,6,,,,,
,87,m4-,SemiFinal1組,,,,,,,1,,,,,
,87,m4-,SemiFinal1組,,,,,,,2,,,,,
,87,m4-,SemiFinal1組,,,,,,,3,,,,,
,87,m4-,SemiFinal1組,,,,,,,4,,,,,
,87,m4-,SemiFinal1組,,,,,,,5,,,,,
,87,m4-,SemiFinal1組,,,,,,,6,,,,,
,88,m4-,SemiFinal2組,,,,,,,1,,,,,
,88,m4-,SemiFinal2組,,,,,,,2,,,,,
,88,m4-,SemiFinal2組,,,,,,,3,,,,,
,88,m4-,SemiFinal2組,,,,,,,4,,,,,
,88,m4-,SemiFinal2組,,,,,,,5,,,,,
,88,m4-,SemiFinal2組,,,,,,,6,,,,,
,113,m4-,Final B,,,,,,,1,,,,,
,113,m4-,Final B,,,,,,,2,,,,,
,113,m4-,Final B,,,,,,,3,,,,,
,113,m4-,Final B,,,,,,,4,,,,,
,113,m4-,Final B,,,,,,,5,,,,,
,113,m4-,Final B,,,,,,,6,,,,,
,114,m4-,Final A,,,,,,,1,,,,,
,114,m4-,Final A,,,,,,,2,,,,,
,114,m4-,Final A,,,,,,,3,,,,,
,114,m4-,Final A,,,,,,,4,,,,,
,114,m4-,Final A,,,,,,,5,,,,,
,114,m4-,Final A,,,,,,,6,,,,,
,30,m4x,Heat1組,1,日本大学,01:35.78,03:12.93,04:48.88,06:22.74,2,→Semi-Final,95.8,192.9,288.9,382.7
,30,m4x,Heat1組,2,富山国際大学,01:34.51,03:12.11,04:48.51,06:24.74,3,→Semi-Final,94.5,192.1,288.5,384.7
,30,m4x,Heat1組,3,東京経済大学,01:36.37,03:16.68,04:54.64,06:31.51,6,,96.4,196.7,294.6,391.5
,30,m4x,Heat1組,4,慶應義塾大学,01:36.82,03:17.70,04:56.58,06:36.26,4,,96.8,197.7,296.6,396.3
,30,m4x,Heat1組,5,立教大学,01:36.82,03:20.90,04:59.50,06:39.80,1,,96.8,200.9,299.5,399.8
,30,m4x,Heat1組,6,龍谷大学,01:35.14,03:14.18,05:00.60,06:46.37,5,,95.1,194.2,300.6,406.4
,31,m4x,Heat2組,1,NTT東日本,01:31.74,03:04.76,04:38.41,06:10.69,3,→Semi-Final,91.7,184.8,278.4,370.7
,31,m4x,Heat2組,2,立命館大学,01:33.73,03:08.79,04:44.60,06:18.78,5,→Semi-Final,93.7,188.8,284.6,378.8
,31,m4x,Heat2組,3,明治大学,01:32.22,03:08.12,04:45.25,06:20.29,1,,92.2,188.1,285.2,380.3
,31,m4x,Heat2組,4,警視庁,01:34.06,03:10.12,04:47.66,06:24.97,2,,94.1,190.1,287.7,385.0
,31,m4x,Heat2組,5,トヨタRC,01:35.69,03:14.62,04:54.49,06:31.83,4,,95.7,194.6,294.5,391.8
,31,m4x,Heat2組,,,,,,,6,,,,,
,32,m4x,Heat3組,1,今治造船,01:34.33,03:08.62,04:45.21,06:21.14,3,→Semi-Final,94.3,188.6,285.2,381.1
,32,m4x,Heat3組,2,日本体育大学,01:35.22,03:12.18,04:51.01,06:30.06,4,→Semi-Final,95.2,192.2,291.0,390.1
,32,m4x,Heat3組,3,法政大学,01:37.43,03:15.91,04:51.22,06:36.68,1,,97.4,195.9,291.2,396.7
,32,m4x,Heat3組,4,大阪公立大学,01:38.63,03:18.15,05:00.08,06:41.41,2,,98.6,198.2,300.1,401.4
,32,m4x,Heat3組,5,京都大学,01:42.89,03:26.87,05:11.34,06:54.32,5,,102.9,206.9,311.3,414.3
,32,m4x,Heat3組,,,,,,,6,,,,,
,59,m4x,Repechage1組,,龍谷大学,,,,,1,,,,,
,59,m4x,Repechage1組,,警視庁,,,,,2,,,,,
,59,m4x,Repechage1組,,東京経済大学,,,,,3,,,,,
,59,m4x,Repechage1組,,法政大学,,,,,4,,,,,
,59,m4x,Repechage1組,,京都大学,,,,,5,,,,,
,59,m4x,Repechage1組,,,,,,,6,,,,,
,60,m4x,Repechage2組,,トヨタRC,,,,,1,,,,,
,60,m4x,Repechage2組,,大阪公立大学,,,,,2,,,,,
,60,m4x,Repechage2組,,明治大学,,,,,3,,,,,
,60,m4x,Repechage2組,,慶應義塾大学,,,,,4,,,,,
,60,m4x,Repechage2組,,立教大学,,,,,5,,,,,
,60,m4x,Repechage2組,,,,,,,6,,,,,
,79,m4x,Final C,,,,,,,1,,,,,
,79,m4x,Final C,,,,,,,2,,,,,
,79,m4x,Final C,,,,,,,3,,,,,
,79,m4x,Final C,,,,,,,4,,,,,
,79,m4x,Final C,,,,,,,5,,,,,
,79,m4x,Final C,,,,,,,6,,,,,
,85,m4x,SemiFinal1組,,,,,,,1,,,,,
,85,m4x,SemiFinal1組,,,,,,,2,,,,,
,85,m4x,SemiFinal1組,,,,,,,3,,,,,
,85,m4x,SemiFinal1組,,,,,,,4,,,,,
,85,m4x,SemiFinal1組,,,,,,,5,,,,,
,85,m4x,SemiFinal1組,,,,,,,6,,,,,
,86,m4x,SemiFinal2組,,,,,,,1,,,,,
,86,m4x,SemiFinal2組,,,,,,,2,,,,,
,86,m4x,SemiFinal2組,,,,,,,3,,,,,
,86,m4x,SemiFinal2組,,,,,,,4,,,,,
,86,m4x,SemiFinal2組,,,,,,,5,,,,,
,86,m4x,SemiFinal2組,,,,,,,6,,,,,
,108,m4x,Final B,,,,,,,1,,,,,
,108,m4x,Final B,,,,,,,2,,,,,
,108,m4x,Final B,,,,,,,3,,,,,
,108,m4x,Final B,,,,,,,4,,,,,
,108,m4x,Final B,,,,,,,5,,,,,
,108,m4x,Final B,,,,,,,6,,,,,
,109,m4x,Final A,,,,,,,1,,,,,
,109,m4x,Final A,,,,,,,2,,,,,
,109,m4x,Final A,,,,,,,3,,,,,
,109,m4x,Final A,,,,,,,4,,,,,
,109,m4x,Final A,,,,,,,5,,,,,
,109,m4x,Final A,,,,,,,6,,,,,
,18,w4x,Heat1組,1,明治安田,01:41.85,03:24.81,05:08.06,06:49.85,3,→Semi-Final,101.8,204.8,308.1,409.9
,18,w4x,Heat1組,2,デンソーオルカリス,01:42.39,03:28.92,05:13.75,06:56.82,4,→Semi-Final,102.4,208.9,313.8,416.8
,18,w4x,Heat1組,3,立教大学,01:42.96,03:28.63,05:14.65,06:59.99,1,→Semi-Final,103.0,208.6,314.6,420.0
,18,w4x,Heat1組,4,東北大学,01:42.78,03:29.32,05:16.38,07:02.61,5,,102.8,209.3,316.4,422.6
,18,w4x,Heat1組,5,同志社大学,01:44.37,03:33.72,05:24.18,07:14.02,2,,104.4,213.7,324.2,434.0
,18,w4x,Heat1組,,,,,,,6,,,,,
,19,w4x,Heat2組,1,関西電力,01:42.45,03:26.65,05:08.92,06:52.57,1,→Semi-Final,102.5,206.7,308.9,412.6
,19,w4x,Heat2組,2,NTT東日本,01:42.18,03:26.19,05:10.68,06:53.34,3,→Semi-Final,102.2,206.2,310.7,413.3
,19,w4x,Heat2組,3,法政大学,01:49.84,03:41.37,05:35.61,07:25.56,4,→Semi-Final,109.8,221.4,335.6,445.6
,19,w4x,Heat2組,4,日本体育大学,01:52.28,03:47.51,05:42.22,07:32.80,2,,112.3,227.5,342.2,452.8
,19,w4x,Heat2組,,,,,,,5,,,,,
,19,w4x,Heat2組,,,,,,,6,,,,,
,20,w4x,Heat3組,1,早稲田大学,01:42.74,03:28.55,05:16.06,07:01.40,4,→Semi-Final,102.7,208.6,316.1,421.4
,20,w4x,Heat3組,2,明治大学,01:44.23,03:30.51,05:17.75,07:02.32,2,→Semi-Final,104.2,210.5,317.8,422.3
,20,w4x,Heat3組,3,中央大学,01:42.29,03:29.24,05:17.20,07:04.45,1,→Semi-Final,102.3,209.2,317.2,424.4
,20,w4x,Heat3組,4,仙台大学,01:46.81,03:35.83,05:26.85,07:16.82,3,,106.8,215.8,326.9,436.8
,20,w4x,Heat3組,,,,,,,5,,,,,
,20,w4x,Heat3組,,,,,,,6,,,,,
,53,w4x,Repechage,,仙台大学,,,,,1,,,,,
,53,w4x,Repechage,,東北大学,,,,,2,,,,,
,53,w4x,Repechage,,日本体育大学,,,,,3,,,,,
,53,w4x,Repechage,,同志社大学,,,,,4,,,,,
,53,w4x,Repechage,,,,,,,5,,,,,
,53,w4x,Repechage,,,,,,,6,,,,,
,70,w4x,SemiFinal1組,,,,,,,1,,,,,
,70,w4x,SemiFinal1組,,,,,,,2,,,,,
,70,w4x,SemiFinal1組,,,,,,,3,,,,,
,70,w4x,SemiFinal1組,,,,,,,4,,,,,
,70,w4x,SemiFinal1組,,,,,,,5,,,,,
,70,w4x,SemiFinal1組,,,,,,,6,,,,,
,71,w4x,SemiFinal2組,,,,,,,1,,,,,
,71,w4x,SemiFinal2組,,,,,,,2,,,,,
,71,w4x,SemiFinal2組,,,,,,,3,,,,,
,71,w4x,SemiFinal2組,,,,,,,4,,,,,
,71,w4x,SemiFinal2組,,,,,,,5,,,,,
,71,w4x,SemiFinal2組,,,,,,,6,,,,,
,116,w4x,Final B,,,,,,,1,,,,,
,116,w4x,Final B,,,,,,,2,,,,,
,116,w4x,Final B,,,,,,,3,,,,,
,116,w4x,Final B,,,,,,,4,,,,,
,116,w4x,Final B,,,,,,,5,,,,,
,116,w4x,Final B,,,,,,,6,,,,,
,119,w4x,Final A,,,,,,,1,,,,,
,119,w4x,Final A,,,,,,,2,,,,,
,119,w4x,Final A,,,,,,,3,,,,,
,119,w4x,Final A,,,,,,,4,,,,,
,119,w4x,Final A,,,,,,,5,,,,,
,119,w4x,Final A,,,,,,,6,,,,,
,36,m4+,Heat1組,1,明治大学,01:41.66,03:23.32,05:05.70,06:47.62,5,→Semi-Final,101.7,203.3,305.7,407.6
,36,m4+,Heat1組,2,京都大学,01:42.92,03:26.71,05:10.81,06:52.65,3,→Semi-Final,102.9,206.7,310.8,412.6
,36,m4+,Heat1組,3,法政大学,01:41.82,03:26.43,05:12.85,06:55.87,6,,101.8,206.4,312.9,415.9
,36,m4+,Heat1組,4,一橋大学,01:43.79,03:28.98,05:17.81,07:05.29,4,,103.8,209.0,317.8,425.3
,36,m4+,Heat1組,5,北海道大学,01:45.63,03:32.55,05:19.27,07:05.66,1,,105.6,212.6,319.3,425.7
,36,m4+,Heat1組,6,小樽商科大学,01:48.46,03:38.06,05:28.94,07:19.29,2,,108.5,218.1,328.9,439.3
,37,m4+,Heat2組,1,龍谷大学,01:40.95,03:22.94,05:04.10,06:45.63,3,→Semi-Final,101.0,202.9,304.1,405.6
,37,m4+,Heat2組,2,富山国際大学,01:42.70,03:26.54,05:08.72,06:54.12,1,→Semi-Final,102.7,206.5,308.7,414.1
,37,m4+,Heat2組,3,東京経済大学,01:44.97,03:28.59,05:12.93,06:57.66,2,,105.0,208.6,312.9,417.7
,37,m4+,Heat2組,4,仙台大学,01:43.90,03:27.71,05:12.29,06:58.65,5,,103.9,207.7,312.3,418.6
,37,m4+,Heat2組,5,東北大学,01:46.06,03:31.34,05:16.24,07:01.92,6,,106.1,211.3,316.2,421.9
,37,m4+,Heat2組,6,滋賀大学,01:43.63,03:29.55,05:16.02,07:08.09,4,,103.6,209.6,316.0,428.1
,38,m4+,Heat3組,1,中部電力,01:37.72,03:19.03,05:02.81,06:45.52,3,→Semi-Final,97.7,199.0,302.8,405.5
,38,m4+,Heat3組,2,日本大学,01:41.05,03:23.18,05:06.16,06:47.65,6,→Semi-Final,101.0,203.2,306.2,407.6
,38,m4+,Heat3組,3,立教大学,01:42.12,03:24.18,05:07.89,06:50.22,4,,102.1,204.2,307.9,410.2
,38,m4+,Heat3組,4,慶應義塾大学,01:41.79,03:26.28,05:10.49,06:53.74,2,,101.8,206.3,310.5,413.7
,38,m4+,Heat3組,5,太陽工業,01:43.66,03:29.23,05:15.22,07:03.18,5,,103.7,209.2,315.2,423.2
,38,m4+,Heat3組,6,成蹊大学,01:46.89,03:35.74,05:26.04,07:14.63,1,,106.9,215.7,326.0,434.6
,63,m4+,Repechage1組,,,,,,,1,,,,,
,63,m4+,Repechage1組,,,,,,,2,,,,,
,63,m4+,Repechage1組,,,,,,,3,,,,,
,63,m4+,Repechage1組,,,,,,,4,,,,,
,63,m4+,Repechage1組,,,,,,,5,,,,,
,63,m4+,Repechage1組,,,,,,,6,,,,,
,64,m4+,Repechage2組,,,,,,,1,,,,,
,64,m4+,Repechage2組,,,,,,,2,,,,,
,64,m4+,Repechage2組,,,,,,,3,,,,,
,64,m4+,Repechage2組,,,,,,,4,,,,,
,64,m4+,Repechage2組,,,,,,,5,,,,,
,64,m4+,Repechage2組,,,,,,,6,,,,,
,81,m4+,Final C,,,,,,,1,,,,,
,81,m4+,Final C,,,,,,,2,,,,,
,81,m4+,Final C,,,,,,,3,,,,,
,81,m4+,Final C,,,,,,,4,,,,,
,81,m4+,Final C,,,,,,,5,,,,,
,81,m4+,Final C,,,,,,,6,,,,,
,89,m4+,SemiFinal1組,,,,,,,1,,,,,
,89,m4+,SemiFinal1組,,,,,,,2,,,,,
,89,m4+,SemiFinal1組,,,,,,,3,,,,,
,89,m4+,SemiFinal1組,,,,,,,4,,,,,
,89,m4+,SemiFinal1組,,,,,,,5,,,,,
,89,m4+,SemiFinal1組,,,,,,,6,,,,,
,90,m4+,SemiFinal2組,,,,,,,1,,,,,
,90,m4+,SemiFinal2組,,,,,,,2,,,,,
,90,m4+,SemiFinal2組,,,,,,,3,,,,,
,90,m4+,SemiFinal2組,,,,,,,4,,,,,
,90,m4+,SemiFinal2組,,,,,,,5,,,,,
,90,m4+,SemiFinal2組,,,,,,,6,,,,,
,117,m4+,Final B,,,,,,,1,,,,,
,117,m4+,Final B,,,,,,,2,,,,,
,117,m4+,Final B,,,,,,,3,,,,,
,117,m4+,Final B,,,,,,,4,,,,,
,117,m4+,Final B,,,,,,,5,,,,,
,117,m4+,Final B,,,,,,,6,,,,,
,120,m4+,Final A,,,,,,,1,,,,,
,120,m4+,Final A,,,,,,,2,,,,,
,120,m4+,Final A,,,,,,,3,,,,,
,120,m4+,Final A,,,,,,,4,,,,,
,120,m4+,Final A,,,,,,,5,,,,,
,120,m4+,Final A,,,,,,,6,,,,,
,21,w4+,Preliminary,1,立命館大学,01:50.31,03:43.24,05:37.11,07:28.89,4,→Final A,110.3,223.2,337.1,448.9
,21,w4+,Preliminary,2,仙台大学,01:53.82,03:46.41,05:40.57,07:31.35,1,→Final A,113.8,226.4,340.6,451.4
,21,w4+,Preliminary,3,立教大学,01:51.88,03:45.24,05:39.67,07:34.37,6,→Final A,111.9,225.2,339.7,454.4
,21,w4+,Preliminary,4,慶應義塾大学,01:50.06,03:43.68,05:40.12,07:34.89,5,→Final A,110.1,223.7,340.1,454.9
,21,w4+,Preliminary,5,明治大学,01:54.42,03:49.15,05:43.54,07:36.06,2,→Final A,114.4,229.2,343.5,456.1
,21,w4+,Preliminary,6,日本体育大学,01:56.42,03:55.37,05:57.17,07:57.66,3,→Final A,116.4,235.4,357.2,477.7
,115,w4+,Final A,,明治大学,,,,,1,,,,,
,115,w4+,Final A,,立教大学,,,,,2,,,,,
,115,w4+,Final A,,立命館大学,,,,,3,,,,,
,115,w4+,Final A,,仙台大学,,,,,4,,,,,
,115,w4+,Final A,,慶應義塾大学,,,,,5,,,,,
,115,w4+,Final A,,日本体育大学,,,,,6,,,,,
,39,m8+,Heat1組,1,トヨタ紡織,01:28.40,02:57.12,04:26.72,05:55.45,2,→Semi-Final,88.4,177.1,266.7,355.4
,39,m8+,Heat1組,2,日本大学,01:29.79,03:00.57,04:30.99,06:00.54,4,→Semi-Final,89.8,180.6,271.0,360.5
,39,m8+,Heat1組,3,中央大学,01:30.59,03:02.51,04:34.66,06:05.16,1,→Semi-Final,90.6,182.5,274.7,365.2
,39,m8+,Heat1組,4,仙台大学,01:31.05,03:03.65,04:37.40,06:10.34,5,,91.0,183.7,277.4,370.3
,39,m8+,Heat1組,5,東北大学,01:31.79,03:06.45,05:33.07,07:07.13,3,,91.8,186.4,333.1,427.1
,39,m8+,Heat1組,,,,,,,6,,,,,
,40,m8+,Heat2組,1,東レ滋賀,01:28.56,02:58.12,04:27.70,05:57.15,5,→Semi-Final,88.6,178.1,267.7,357.1
,40,m8+,Heat2組,2,同志社大学,01:32.83,03:06.93,04:42.59,06:15.66,2,→Semi-Final,92.8,186.9,282.6,375.7
,40,m8+,Heat2組,3,大阪大学,01:33.92,03:08.31,04:43.20,06:15.90,4,→Semi-Final,93.9,188.3,283.2,375.9
,40,m8+,Heat2組,4,一橋大学,01:34.19,03:07.62,04:42.34,06:15.92,1,,94.2,187.6,282.3,375.9
,40,m8+,Heat2組,5,東京科学大学理工学系,01:33.55,03:08.64,04:43.66,06:17.86,3,,93.5,188.6,283.7,377.9
,40,m8+,Heat2組,,,,,,,6,,,,,
,41,m8+,Heat3組,1,NTT東日本,01:27.54,02:54.91,04:22.89,05:49.13,3,→Semi-Final,87.5,174.9,262.9,349.1
,41,m8+,Heat3組,2,明治安田,01:28.61,02:56.90,04:26.40,05:55.05,4,→Semi-Final,88.6,176.9,266.4,355.1
,41,m8+,Heat3組,3,早稲田大学,01:28.34,02:58.50,04:30.43,06:01.92,2,→Semi-Final,88.3,178.5,270.4,361.9
,41,m8+,Heat3組,4,慶應義塾大学,01:37.14,03:15.38,04:55.05,06:33.60,1,,97.1,195.4,295.1,393.6
,41,m8+,Heat3組,,,,,,,5,,,,,
,41,m8+,Heat3組,,,,,,,6,,,,,
,65,m8+,Repechage,,,,,,,1,,,,,
,65,m8+,Repechage,,,,,,,2,,,,,
,65,m8+,Repechage,,,,,,,3,,,,,
,65,m8+,Repechage,,,,,,,4,,,,,
,65,m8+,Repechage,,,,,,,5,,,,,
,65,m8+,Repechage,,,,,,,6,,,,,
,82,m8+,Final C,,,,,,,1,,,,,
,82,m8+,Final C,,,,,,,2,,,,,
,82,m8+,Final C,,,,,,,3,,,,,
,82,m8+,Final C,,,,,,,4,,,,,
,82,m8+,Final C,,,,,,,5,,,,,
,82,m8+,Final C,,,,,,,6,,,,,
,91,m8+,SemiFinal1組,,,,,,,1,,,,,
,91,m8+,SemiFinal1組,,,,,,,2,,,,,
,91,m8+,SemiFinal1組,,,,,,,3,,,,,
,91,m8+,SemiFinal1組,,,,,,,4,,,,,
,91,m8+,SemiFinal1組,,,,,,,5,,,,,
,91,m8+,SemiFinal1組,,,,,,,6,,,,,
,92,m8+,SemiFinal2組,,,,,,,1,,,,,
,92,m8+,SemiFinal2組,,,,,,,2,,,,,
,92,m8+,SemiFinal2組,,,,,,,3,,,,,
,92,m8+,SemiFinal2組,,,,,,,4,,,,,
,92,m8+,SemiFinal2組,,,,,,,5,,,,,
,92,m8+,SemiFinal2組,,,,,,,6,,,,,
,118,m8+,Final B,,,,,,,1,,,,,
,118,m8+,Final B,,,,,,,2,,,,,
,118,m8+,Final B,,,,,,,3,,,,,
,118,m8+,Final B,,,,,,,4,,,,,
,118,m8+,Final B,,,,,,,5,,,,,
,118,m8+,Final B,,,,,,,6,,,,,
,121,m8+,Final A,,,,,,,1,,,,,
,121,m8+,Final A,,,,,,,2,,,,,
,121,m8+,Final A,,,,,,,3,,,,,
,121,m8+,Final A,,,,,,,4,,,,,
,121,m8+,Final A,,,,,,,5,,,,,
,121,m8+,Final A,,,,,,,6,,,,,
,42,w8+,Preliminary,1,デンソーオルカリス,01:38.33,03:17.98,04:58.82,06:41.87,6,→Final A,98.3,198.0,298.8,401.9
,42,w8+,Preliminary,2,仙台大学,01:43.16,03:25.10,05:06.85,06:47.21,5,→Final A,103.2,205.1,306.9,407.2
,42,w8+,Preliminary,3,明治大学,01:43.34,03:25.89,05:07.91,06:49.19,4,→Final A,103.3,205.9,307.9,409.2
,42,w8+,Preliminary,4,関西みらい銀行,01:41.80,03:23.31,05:06.39,06:49.67,1,→Final A,101.8,203.3,306.4,409.7
,42,w8+,Preliminary,5,同志社大学,01:40.94,03:22.91,05:09.58,06:57.76,2,→Final A,100.9,202.9,309.6,417.8
,42,w8+,Preliminary,6,立教大学,01:44.86,03:30.70,05:16.18,07:02.20,3,→Final A,104.9,210.7,316.2,422.2
,98,w8+,Final A,,,,,,,1,,,,,
,98,w8+,Final A,,,,,,,2,,,,,
,98,w8+,Final A,,,,,,,3,,,,,
,98,w8+,Final A,,,,,,,4,,,,,
,98,w8+,Final A,,,,,,,5,,,,,
,98,w8+,Final A,,,,,,,6,,,,,
,24,lm2x,Heat1組,1,立命館大学,01:41.53,03:24.44,05:07.40,06:49.82,3,→Final A,101.5,204.4,307.4,409.8
,24,lm2x,Heat1組,2,日本大学,01:44.32,03:27.42,05:09.60,06:52.42,1,,104.3,207.4,309.6,412.4
,24,lm2x,Heat1組,3,明治大学,01:41.09,03:28.65,05:15.94,07:06.67,4,,101.1,208.7,315.9,426.7
,24,lm2x,Heat1組,,トヨタRC,,,,,2,DNS（棄権）,,,,
,24,lm2x,Heat1組,,,,,,,5,,,,,
,24,lm2x,Heat1組,,,,,,,6,,,,,
,25,lm2x,Heat2組,1,東海大学,01:38.79,03:22.65,05:05.98,06:50.36,2,→Final A,98.8,202.7,306.0,410.4
,25,lm2x,Heat2組,2,東京外国語大学,01:44.07,03:30.44,05:13.80,07:01.61,1,,104.1,210.4,313.8,421.6
,25,lm2x,Heat2組,3,東京経済大学,01:44.66,03:33.49,05:16.95,07:54.05,3,,104.7,213.5,316.9,474.1
,25,lm2x,Heat2組,,,,,,,4,,,,,
,25,lm2x,Heat2組,,,,,,,5,,,,,
,25,lm2x,Heat2組,,,,,,,6,,,,,
,55,lm2x,Repechage,,東京経済大学,,,,,1,,,,,
,55,lm2x,Repechage,,日本大学,,,,,2,,,,,
,55,lm2x,Repechage,,東京外国語大学,,,,,3,,,,,
,55,lm2x,Repechage,,明治大学,,,,,4,,,,,
,55,lm2x,Repechage,,,,,,,5,,,,,
,55,lm2x,Repechage,,,,,,,6,,,,,
,105,lm2x,Final A,,,,,,,1,,,,,
,105,lm2x,Final A,,,,,,,2,,,,,
,105,lm2x,Final A,,,,,,,3,,,,,
,105,lm2x,Final A,,,,,,,4,,,,,
,105,lm2x,Final A,,,,,,,5,,,,,
,105,lm2x,Final A,,,,,,,6,,,,,
,14,lw2x,Heat1組,1,立命館大学,01:52.12,03:45.71,05:41.02,07:36.51,2,→Final A,112.1,225.7,341.0,456.5
,14,lw2x,Heat1組,2,明治大学,01:53.17,03:48.79,05:46.17,07:43.43,3,→Final A,113.2,228.8,346.2,463.4
,14,lw2x,Heat1組,3,法政大学,01:57.44,03:55.00,05:56.11,07:56.20,4,,117.4,235.0,356.1,476.2
,14,lw2x,Heat1組,4,メンテックRC,01:57.01,04:00.17,06:02.13,08:02.21,1,,117.0,240.2,362.1,482.2
,14,lw2x,Heat1組,5,日本体育大学,02:00.77,04:04.08,06:08.32,08:10.51,5,,120.8,244.1,368.3,490.5
,14,lw2x,Heat1組,,,,,,,6,,,,,
,15,lw2x,Heat2組,1,富山国際大学,01:51.67,03:48.32,05:44.35,07:39.59,3,→Final A,111.7,228.3,344.4,459.6
,15,lw2x,Heat2組,2,中央大学,01:52.90,03:48.98,05:46.36,07:44.48,1,→Final A,112.9,229.0,346.4,464.5
,15,lw2x,Heat2組,3,早稲田大学,01:53.41,03:49.59,05:48.50,07:49.35,2,,113.4,229.6,348.5,469.4
,15,lw2x,Heat2組,4,東京経済大学,01:58.86,04:02.79,06:07.66,08:12.42,4,,118.9,242.8,367.7,492.4
,15,lw2x,Heat2組,,,,,,,5,,,,,
,15,lw2x,Heat2組,,,,,,,6,,,,,
,52,lw2x,Repechage,,,,,,,1,,,,,
,52,lw2x,Repechage,,,,,,,2,,,,,
,52,lw2x,Repechage,,,,,,,3,,,,,
,52,lw2x,Repechage,,,,,,,4,,,,,
,52,lw2x,Repechage,,,,,,,5,,,,,
,52,lw2x,Repechage,,,,,,,6,,,,,
,101,lw2x,Final B,,,,,,,1,,,,,
,101,lw2x,Final B,,,,,,,2,,,,,
,101,lw2x,Final B,,,,,,,3,,,,,
,101,lw2x,Final B,,,,,,,4,,,,,
,101,lw2x,Final B,,,,,,,5,,,,,
,101,lw2x,Final B,,,,,,,6,,,,,
,102,lw2x,Final A,,,,,,,1,,,,,
,102,lw2x,Final A,,,,,,,2,,,,,
,102,lw2x,Final A,,,,,,,3,,,,,
,102,lw2x,Final A,,,,,,,4,,,,,
,102,lw2x,Final A,,,,,,,5,,,,,
,102,lw2x,Final A,,,,,,,6,,,,,
,28,lm2-,Heat1組,1,東京大学,01:47.02,03:35.66,05:24.22,07:07.61,3,→Final A,107.0,215.7,324.2,427.6
,28,lm2-,Heat1組,2,慶應義塾大学,01:44.95,03:35.02,05:23.71,07:08.32,2,,105.0,215.0,323.7,428.3
,28,lm2-,Heat1組,3,大阪公立大学,01:45.41,03:34.81,05:24.84,07:14.60,4,,105.4,214.8,324.8,434.6
,28,lm2-,Heat1組,4,愛知東郷ボートクラブ,01:52.55,03:46.41,05:39.86,07:30.09,6,,112.5,226.4,339.9,450.1
,28,lm2-,Heat1組,5,瀬田漕艇クラブ,01:48.39,03:40.61,05:35.98,07:32.65,1,,108.4,220.6,336.0,452.6
,28,lm2-,Heat1組,6,青山学院大学,01:59.69,03:57.42,05:53.45,07:49.80,5,,119.7,237.4,353.4,469.8
,29,lm2-,Heat2組,1,東京経済大学,01:42.98,03:28.45,05:14.81,07:05.05,3,→Final A,103.0,208.4,314.8,425.1
,29,lm2-,Heat2組,2,日本大学,01:44.68,03:31.60,05:19.40,07:08.69,4,,104.7,211.6,319.4,428.7
,29,lm2-,Heat2組,3,東レ滋賀,01:45.32,03:32.59,05:21.15,07:13.74,5,,105.3,212.6,321.1,433.7
,29,lm2-,Heat2組,4,富山国際大学,01:47.88,03:40.41,05:33.07,07:24.98,2,,107.9,220.4,333.1,445.0
,29,lm2-,Heat2組,5,一橋大学,01:55.22,03:54.01,05:53.40,07:55.64,1,,115.2,234.0,353.4,475.6
,29,lm2-,Heat2組,,,,,,,6,,,,,
,57,lm2-,Repechage1組,,青山学院大学,,,,,1,,,,,
,57,lm2-,Repechage1組,,愛知東郷ボートクラブ,,,,,2,,,,,
,57,lm2-,Repechage1組,,慶應義塾大学,,,,,3,,,,,
,57,lm2-,Repechage1組,,東レ滋賀,,,,,4,,,,,
,57,lm2-,Repechage1組,,一橋大学,,,,,5,,,,,
,57,lm2-,Repechage1組,,,,,,,6,,,,,
,58,lm2-,Repechage2組,,富山国際大学,,,,,1,,,,,
,58,lm2-,Repechage2組,,日本大学,,,,,2,,,,,
,58,lm2-,Repechage2組,,大阪公立大学,,,,,3,,,,,
,58,lm2-,Repechage2組,,瀬田漕艇クラブ,,,,,4,,,,,
,58,lm2-,Repechage2組,,,,,,,5,,,,,
,58,lm2-,Repechage2組,,,,,,,6,,,,,
,96,lm2-,Final B,,,,,,,1,,,,,
,96,lm2-,Final B,,,,,,,2,,,,,
,96,lm2-,Final B,,,,,,,3,,,,,
,96,lm2-,Final B,,,,,,,4,,,,,
,96,lm2-,Final B,,,,,,,5,,,,,
,96,lm2-,Final B,,,,,,,6,,,,,
,97,lm2-,Final A,,,,,,,1,,,,,
,97,lm2-,Final A,,,,,,,2,,,,,
,97,lm2-,Final A,,,,,,,3,,,,,
,97,lm2-,Final A,,,,,,,4,,,,,
,97,lm2-,Final A,,,,,,,5,,,,,
,97,lm2-,Final A,,,,,,,6,,,,,
,17,lw2-,Preliminary,1,明治大学,01:59.96,04:02.46,06:04.38,08:03.30,3,→Final A,120.0,242.5,364.4,483.3
,17,lw2-,Preliminary,2,法政大学,01:58.42,04:02.87,06:06.74,08:06.86,2,→Final A,118.4,242.9,366.7,486.9
,17,lw2-,Preliminary,3,日本体育大学,02:00.82,04:04.07,06:10.46,08:16.28,5,→Final A,120.8,244.1,370.5,496.3
,17,lw2-,Preliminary,4,大阪公立大学,02:03.67,04:10.07,06:17.35,08:19.63,4,→Final A,123.7,250.1,377.4,499.6
,17,lw2-,Preliminary,5,龍谷大学,02:07.74,04:16.77,06:27.15,08:31.91,1,→Final A,127.7,256.8,387.1,511.9
,17,lw2-,Preliminary,,,,,,,6,,,,,
,76,lw2-,Final A,,龍谷大学,,,,,1,,,,,
,76,lw2-,Final A,,日本体育大学,,,,,2,,,,,
,76,lw2-,Final A,,明治大学,,,,,3,,,,,
,76,lw2-,Final A,,法政大学,,,,,4,,,,,
,76,lw2-,Final A,,大阪公立大学,,,,,5,,,,,
,76,lw2-,Final A,,,,,,,6,,,,,
,78,pr1m1x,Preliminary,,森 卓也(養和会),,,,,1,,,,,
,78,pr1m1x,Preliminary,,百武 強士(唐津ボートクラブ),,,,,2,,,,,
,78,pr1m1x,Preliminary,,,,,,,3,,,,,
,78,pr1m1x,Preliminary,,,,,,,4,,,,,
,78,pr1m1x,Preliminary,,,,,,,5,,,,,
,78,pr1m1x,Preliminary,,,,,,,6,,,,,
,111,pr1m1x,Final A,,,,,,,1,,,,,
,111,pr1m1x,Final A,,,,,,,2,,,,,
,111,pr1m1x,Final A,,,,,,,3,,,,,
,111,pr1m1x,Final A,,,,,,,4,,,,,
,111,pr1m1x,Final A,,,,,,,5,,,,,
,111,pr1m1x,Final A,,,,,,,6,,,,,
,112,pr1w1x,TT,,市川 友美(湖猿-KOZARU-),,,,,1,,,,,
,112,pr1w1x,TT,,,,,,,2,,,,,
,112,pr1w1x,TT,,,,,,,3,,,,,
,112,pr1w1x,TT,,,,,,,4,,,,,
,112,pr1w1x,TT,,,,,,,5,,,,,
,112,pr1w1x,TT,,,,,,,6,,,,,
,77,pr3m2-,Preliminary,,倶楽部KBC,,,,,1,,,,,
,77,pr3m2-,Preliminary,,太田川BC,,,,,2,,,,,
,77,pr3m2-,Preliminary,,,,,,,3,,,,,
,77,pr3m2-,Preliminary,,,,,,,4,,,,,
,77,pr3m2-,Preliminary,,,,,,,5,,,,,
,77,pr3m2-,Preliminary,,,,,,,6,,,,,
,110,pr3m2-,Final A,,,,,,,1,,,,,
,110,pr3m2-,Final A,,,,,,,2,,,,,
,110,pr3m2-,Final A,,,,,,,3,,,,,
,110,pr3m2-,Final A,,,,,,,4,,,,,
,110,pr3m2-,Final A,,,,,,,5,,,,,
,110,pr3m2-,Final A,,,,,,,6,,,,,
