,year,race_number,boat_type,section_code,lane,team,500m,1000m,1500m,2000m,order,qualify
0,2024,7,m1x,Heat1組,3,渡辺 龍一郎(NTT東日本) ,01:47.28,03:39.00,05:33.41,07:29.54,1,→Semi-Final
1,2024,7,m1x,Heat1組,4,大南 孝一郎(愛媛大学) ,01:46.68,03:41.80,05:37.04,07:30.21,2,
2,2024,7,m1x,Heat1組,2,荒井 洸二(警視庁) ,01:48.51,03:46.16,05:46.85,07:45.47,3,
3,2024,7,m1x,Heat1組,5,河田 一樹(山口合同ガス) ,01:51.46,03:51.83,05:54.90,07:55.69,4,
4,2024,7,m1x,Heat1組,1,増田 大樹(PENTA RC) ,01:53.80,03:56.62,05:59.56,08:00.00,5,
5,2024,7,m1x,Heat1組,6,,,,,,,
6,2024,8,m1x,Heat2組,4,志賀 充真(関西電力) ,01:49.64,03:46.34,05:41.57,07:36.22,1,→Semi-Final
7,2024,8,m1x,Heat2組,2,中島 湧心(明治安田生命) ,01:50.91,03:48.81,05:46.30,07:43.56,2,
8,2024,8,m1x,Heat2組,1,天野 雄貴(一橋大学) ,01:57.24,03:58.38,05:57.58,07:59.29,3,
9,2024,8,m1x,Heat2組,5,猪俣 智仁(中央大学理工学部) ,01:55.65,03:58.51,06:04.07,08:06.62,4,
10,2024,8,m1x,Heat2組,3,坂口 慧(トヨタRC) ,01:52.02,03:56.01,06:03.69,08:10.58,5,
11,2024,8,m1x,Heat2組,6,,,,,,,
12,2024,9,m1x,Heat3組,3,石塚 慎之助(TeamSSP) ,01:45.61,03:36.84,05:29.33,07:18.26,1,→Semi-Final
13,2024,9,m1x,Heat3組,2,間 祐輔(仙台大学) ,01:48.85,03:44.57,05:39.90,07:32.44,2,
14,2024,9,m1x,Heat3組,5,藤田 棟也(日本大学) ,01:50.86,03:45.35,05:40.21,07:35.87,3,
15,2024,9,m1x,Heat3組,4,加納 劍武(愛知東郷ボートクラブ) ,01:48.59,03:47.43,05:51.82,07:58.17,4,
16,2024,9,m1x,Heat3組,1,石垣 快(成城大学) ,01:57.66,04:07.26,06:18.51,08:28.70,5,
17,2024,9,m1x,Heat3組,6,,,,,,,
18,2024,10,m1x,Heat4組,3,西村 光生(アイリスオーヤマ) ,01:43.12,03:31.47,05:20.32,07:09.39,1,→Semi-Final
19,2024,10,m1x,Heat4組,4,御手洗 航(今治造船) ,01:48.99,03:42.60,05:37.34,07:32.06,2,
20,2024,10,m1x,Heat4組,2,柘植 充(早稲田大学) ,01:49.84,03:46.97,05:49.20,07:52.88,3,
21,2024,10,m1x,Heat4組,5,佐野 怜(慶應義塾大学) ,01:59.71,03:59.40,06:00.57,08:00.67,4,
22,2024,10,m1x,Heat4組,1,高松 大地(東京海洋大学) ,01:58.63,04:08.68,06:19.81,08:28.94,5,
23,2024,10,m1x,Heat4組,6,,,,,,,
24,2024,11,m1x,Heat5組,4,西條 翔風(東海大学) ,01:47.12,03:40.17,05:31.77,07:21.88,1,→Semi-Final
25,2024,11,m1x,Heat5組,3,若松 草汰(トヨタ紡織) ,01:48.47,03:40.42,05:35.00,07:30.30,2,
26,2024,11,m1x,Heat5組,5,武田 大作(愛媛大学黒汐会) ,01:50.40,03:46.88,05:41.97,07:41.44,3,
27,2024,11,m1x,Heat5組,1,西村 望(関西学院大学) ,01:49.29,03:46.70,05:45.21,07:43.64,4,
28,2024,11,m1x,Heat5組,2,杉森 優雅(日本体育大学) ,01:48.11,03:43.79,05:43.36,07:44.94,5,
29,2024,11,m1x,Heat5組,6,,,,,,,
30,2024,12,m1x,Heat6組,3,山田 雄恒(立教大学) ,01:47.15,03:38.90,05:33.91,07:27.47,1,→Semi-Final
31,2024,12,m1x,Heat6組,4,江畠 慧斉(中部電力) ,01:49.21,03:42.88,05:37.20,07:29.17,2,
32,2024,12,m1x,Heat6組,2,羽賀 直喜(千葉大学) ,01:48.96,03:43.78,05:38.58,07:32.89,3,
33,2024,12,m1x,Heat6組,1,永坂 菖伍(岐阜協立大学) ,,,,,,除外
34,2024,12,m1x,Heat6組,5,,,,,,,
35,2024,12,m1x,Heat6組,6,,,,,,,
36,2024,54,m1x,Repechage1組,2,大南 孝一郎(愛媛大学) ,01:48.25,03:45.00,05:43.00,07:43.36,1,→Semi-Final
37,2024,54,m1x,Repechage1組,1,加納 劍武(愛知東郷ボートクラブ) ,01:47.94,03:46.47,05:49.36,07:54.64,2,→Final C
38,2024,54,m1x,Repechage1組,3,天野 雄貴(一橋大学) ,01:56.50,04:02.57,06:06.97,08:05.57,3,→Final D
39,2024,54,m1x,Repechage1組,4,高松 大地(東京海洋大学) ,01:57.74,04:04.35,06:12.25,08:10.69,4,
40,2024,54,m1x,Repechage1組,5,,,,,,,
41,2024,54,m1x,Repechage1組,6,,,,,,,
42,2024,55,m1x,Repechage2組,3,藤田 棟也(日本大学) ,01:50.75,03:44.15,05:36.60,07:28.01,1,→Semi-Final
43,2024,55,m1x,Repechage2組,2,中島 湧心(明治安田生命) ,01:46.47,03:44.95,05:41.83,07:37.15,2,→Final C
44,2024,55,m1x,Repechage2組,4,杉森 優雅(日本体育大学) ,01:50.20,03:47.35,05:44.81,07:39.23,3,→Final D
45,2024,55,m1x,Repechage2組,1,佐野 怜(慶應義塾大学) ,02:01.26,04:03.53,06:03.26,08:01.24,4,
46,2024,55,m1x,Repechage2組,5,,,,,,,
47,2024,55,m1x,Repechage2組,6,,,,,,,
48,2024,56,m1x,Repechage3組,2,間 祐輔(仙台大学) ,01:47.95,03:41.91,05:36.87,07:30.91,1,→Semi-Final
49,2024,56,m1x,Repechage3組,3,柘植 充(早稲田大学) ,01:48.18,03:44.52,05:41.04,07:39.13,2,→Final C
50,2024,56,m1x,Repechage3組,1,西村 望(関西学院大学) ,01:45.69,03:43.17,05:46.38,07:47.30,3,→Final D
51,2024,56,m1x,Repechage3組,4,,,,,,,
52,2024,56,m1x,Repechage3組,5,,,,,,,
53,2024,56,m1x,Repechage3組,6,,,,,,,
54,2024,57,m1x,Repechage4組,1,御手洗 航(今治造船) ,01:50.18,03:45.31,05:41.98,07:39.85,1,→Semi-Final
55,2024,57,m1x,Repechage4組,2,武田 大作(愛媛大学黒汐会) ,01:52.72,03:51.56,05:51.75,07:53.13,2,→Final C
56,2024,57,m1x,Repechage4組,3,増田 大樹(PENTA RC) ,01:54.79,03:55.78,05:57.57,07:58.43,3,→Final D
57,2024,57,m1x,Repechage4組,4,,,,,,,
58,2024,57,m1x,Repechage4組,5,,,,,,,
59,2024,57,m1x,Repechage4組,6,,,,,,,
60,2024,58,m1x,Repechage5組,2,若松 草汰(トヨタ紡織) ,01:47.52,03:40.47,05:36.75,07:34.67,1,→Semi-Final
61,2024,58,m1x,Repechage5組,3,羽賀 直喜(千葉大学) ,01:51.61,03:49.46,05:47.79,07:44.05,2,→Final C
62,2024,58,m1x,Repechage5組,1,河田 一樹(山口合同ガス) ,01:52.54,03:54.89,05:57.28,08:04.09,3,→Final D
63,2024,58,m1x,Repechage5組,4,坂口 慧(トヨタRC) ,01:54.01,04:01.77,06:08.72,08:13.83,4,
64,2024,58,m1x,Repechage5組,5,,,,,,,
65,2024,58,m1x,Repechage5組,6,,,,,,,
66,2024,59,m1x,Repechage6組,2,江畠 慧斉(中部電力) ,01:51.42,03:48.83,05:49.79,07:56.50,1,→Semi-Final
67,2024,59,m1x,Repechage6組,3,荒井 洸二(警視庁) ,01:53.78,03:56.01,06:00.72,08:04.60,2,→Final C
68,2024,59,m1x,Repechage6組,1,猪俣 智仁(中央大学理工学部) ,01:58.91,04:07.03,06:17.14,08:26.67,3,→Final D
69,2024,59,m1x,Repechage6組,4,石垣 快(成城大学) ,02:02.35,04:15.60,06:30.11,08:41.43,4,
70,2024,59,m1x,Repechage6組,5,,,,,,,
71,2024,59,m1x,Repechage6組,6,,,,,,,
72,2024,80,m1x,Final D,1,河田 一樹(山口合同ガス) ,,,,,,
73,2024,80,m1x,Final D,2,西村 望(関西学院大学) ,,,,,,
74,2024,80,m1x,Final D,3,天野 雄貴(一橋大学) ,,,,,,
75,2024,80,m1x,Final D,4,杉森 優雅(日本体育大学) ,,,,,,
76,2024,80,m1x,Final D,5,増田 大樹(PENTA RC) ,,,,,,
77,2024,80,m1x,Final D,6,猪俣 智仁(中央大学理工学部) ,,,,,,
78,2024,82,m1x,Final C,1,羽賀 直喜(千葉大学) ,,,,,,
79,2024,82,m1x,Final C,2,柘植 充(早稲田大学) ,,,,,,
80,2024,82,m1x,Final C,3,加納 劍武(愛知東郷ボートクラブ) ,,,,,,
81,2024,82,m1x,Final C,4,中島 湧心(明治安田生命) ,,,,,,
82,2024,82,m1x,Final C,5,武田 大作(愛媛大学黒汐会) ,,,,,,
83,2024,82,m1x,Final C,6,荒井 洸二(警視庁) ,,,,,,
84,2024,93,m1x,SemiFinal1組,1,間 祐輔(仙台大学) ,,,,,,
85,2024,93,m1x,SemiFinal1組,2,山田 雄恒(立教大学) ,,,,,,
86,2024,93,m1x,SemiFinal1組,3,渡辺 龍一郎(NTT東日本) ,,,,,,
87,2024,93,m1x,SemiFinal1組,4,石塚 慎之助(TeamSSP) ,,,,,,
88,2024,93,m1x,SemiFinal1組,5,藤田 棟也(日本大学) ,,,,,,
89,2024,93,m1x,SemiFinal1組,6,江畠 慧斉(中部電力) ,,,,,,
90,2024,94,m1x,SemiFinal2組,1,御手洗 航(今治造船) ,,,,,,
91,2024,94,m1x,SemiFinal2組,2,西條 翔風(東海大学) ,,,,,,
92,2024,94,m1x,SemiFinal2組,3,志賀 充真(関西電力) ,,,,,,
93,2024,94,m1x,SemiFinal2組,4,西村 光生(アイリスオーヤマ) ,,,,,,
94,2024,94,m1x,SemiFinal2組,5,大南 孝一郎(愛媛大学) ,,,,,,
95,2024,94,m1x,SemiFinal2組,6,若松 草汰(トヨタ紡織) ,,,,,,
96,2024,113,m1x,Final B,1,,,,,,,
97,2024,113,m1x,Final B,2,,,,,,,
98,2024,113,m1x,Final B,3,,,,,,,
99,2024,113,m1x,Final B,4,,,,,,,
100,2024,113,m1x,Final B,5,,,,,,,
101,2024,113,m1x,Final B,6,,,,,,,
102,2024,114,m1x,Final A,1,,,,,,,
103,2024,114,m1x,Final A,2,,,,,,,
104,2024,114,m1x,Final A,3,,,,,,,
105,2024,114,m1x,Final A,4,,,,,,,
106,2024,114,m1x,Final A,5,,,,,,,
107,2024,114,m1x,Final A,6,,,,,,,
108,2024,1,w1x,Heat1組,2,馬野 彩加(関西電力) ,01:55.69,04:01.58,06:08.81,08:14.38,1,→Semi-Final
109,2024,1,w1x,Heat1組,5,杉田 葵(富山国際大学) ,01:58.66,04:04.43,06:10.91,08:16.28,2,
110,2024,1,w1x,Heat1組,4,山領 夏実(今治ローイングクラブ) ,02:01.86,04:13.61,06:23.98,08:30.24,3,
111,2024,1,w1x,Heat1組,3,西田 雅(関西学院大学) ,01:59.64,04:12.18,06:24.41,08:32.76,4,
112,2024,1,w1x,Heat1組,1,沖田 海里(北陸電気工業) ,01:57.23,04:07.74,06:20.23,08:32.99,5,
113,2024,1,w1x,Heat1組,6,,,,,,,
114,2024,2,w1x,Heat2組,3,米川 志保(トヨタ自動車) ,01:53.54,03:53.67,05:56.16,07:56.75,1,→Semi-Final
115,2024,2,w1x,Heat2組,4,清水 羽南(大阪公立大学) ,02:04.01,04:11.29,06:20.57,08:29.11,2,
116,2024,2,w1x,Heat2組,2,日比野 真奈(中部電力) ,02:03.28,04:12.24,06:24.08,08:35.60,3,
117,2024,2,w1x,Heat2組,5,國廣 萌子(成蹊大学) ,02:05.12,04:15.82,06:27.15,08:36.70,4,
118,2024,2,w1x,Heat2組,1,細谷 和夏(立命館大学) ,02:06.58,04:24.58,06:39.93,08:51.30,5,
119,2024,2,w1x,Heat2組,6,,,,,,,
120,2024,3,w1x,Heat3組,2,西原 佳(プリントパック) ,01:54.83,03:59.94,06:05.32,08:09.39,1,→Semi-Final
121,2024,3,w1x,Heat3組,4,磴 梨菜(滋賀RC) ,02:03.93,04:12.51,06:20.35,08:29.17,2,
122,2024,3,w1x,Heat3組,1,山本 天空(岐阜協立大学) ,02:01.20,04:10.70,06:24.36,08:37.74,3,
123,2024,3,w1x,Heat3組,3,瀬戸山 友里(広島大学) ,02:04.76,04:22.08,06:43.12,09:00.82,4,
124,2024,3,w1x,Heat3組,5,,,,,,,
125,2024,3,w1x,Heat3組,6,,,,,,,
126,2024,4,w1x,Heat4組,2,中島 真央(成立学園高校) ,01:59.89,04:04.16,06:07.64,08:13.85,1,→Semi-Final
127,2024,4,w1x,Heat4組,3,小野寺 紗耶(早稲田大学) ,01:57.82,04:02.51,06:09.79,08:17.28,2,
128,2024,4,w1x,Heat4組,1,清水 凜(鹿屋体育大学) ,02:01.80,04:09.62,06:22.24,08:37.83,3,
129,2024,4,w1x,Heat4組,4,梶谷 知歩(東京大学) ,02:05.37,04:17.32,06:32.84,08:49.49,4,
130,2024,4,w1x,Heat4組,5,,,,,,,
131,2024,4,w1x,Heat4組,6,,,,,,,
132,2024,5,w1x,Heat5組,2,角谷 真緒(アイリスオーヤマ) ,01:55.76,03:54.53,05:55.19,07:52.60,1,→Semi-Final
133,2024,5,w1x,Heat5組,3,新見 萌恵(東京海洋大学) ,01:58.18,04:02.67,06:11.00,08:22.28,2,
134,2024,5,w1x,Heat5組,4,杉田 香音(一橋大学) ,02:00.09,04:05.54,06:16.22,08:28.81,3,
135,2024,5,w1x,Heat5組,1,清野 帆乃夏(明治大学) ,02:05.45,04:24.73,06:45.20,09:05.73,4,
136,2024,5,w1x,Heat5組,5,,,,,,,
137,2024,5,w1x,Heat5組,6,,,,,,,
138,2024,6,w1x,Heat6組,2,長谷川 穗(明治安田生命) ,01:54.59,03:58.71,06:03.38,08:02.30,1,→Semi-Final
139,2024,6,w1x,Heat6組,3,野村 明日香(東北大学) ,01:59.39,04:01.07,06:02.57,08:06.80,2,
140,2024,6,w1x,Heat6組,4,佐川 千明(東京経済大学) ,02:03.33,04:11.42,06:20.10,08:28.50,3,
141,2024,6,w1x,Heat6組,1,髙瀬 綾乃(法政大学) ,02:02.51,04:14.52,06:27.44,08:41.40,4,
142,2024,6,w1x,Heat6組,5,,,,,,,
143,2024,6,w1x,Heat6組,6,,,,,,,
144,2024,48,w1x,Repechage1組,2,野村 明日香(東北大学) ,02:02.84,04:06.09,06:09.83,08:14.62,1,→Semi-Final
145,2024,48,w1x,Repechage1組,3,杉田 香音(一橋大学) ,02:02.26,04:08.28,06:19.27,08:30.91,2,→Final C
146,2024,48,w1x,Repechage1組,1,梶谷 知歩(東京大学) ,02:06.98,04:18.65,06:33.17,08:47.10,3,→Final D
147,2024,48,w1x,Repechage1組,4,,,,,,,
148,2024,48,w1x,Repechage1組,5,,,,,,,
149,2024,48,w1x,Repechage1組,6,,,,,,,
150,2024,49,w1x,Repechage2組,2,新見 萌恵(東京海洋大学) ,01:58.49,04:05.05,06:13.57,08:23.45,1,→Semi-Final
151,2024,49,w1x,Repechage2組,3,清水 凜(鹿屋体育大学) ,02:01.97,04:09.30,06:18.73,08:29.12,2,→Final C
152,2024,49,w1x,Repechage2組,4,細谷 和夏(立命館大学) ,02:03.88,04:14.96,06:27.82,08:37.90,3,→Final D
153,2024,49,w1x,Repechage2組,1,瀬戸山 友里(広島大学) ,02:07.48,04:21.08,06:37.20,08:54.50,4,
154,2024,49,w1x,Repechage2組,5,,,,,,,
155,2024,49,w1x,Repechage2組,6,,,,,,,
156,2024,50,w1x,Repechage3組,2,小野寺 紗耶(早稲田大学) ,01:58.08,04:02.67,06:08.93,08:16.66,1,→Semi-Final
157,2024,50,w1x,Repechage3組,4,沖田 海里(北陸電気工業) ,01:59.00,04:07.43,06:17.45,08:24.63,2,→Final C
158,2024,50,w1x,Repechage3組,3,山本 天空(岐阜協立大学) ,01:59.19,04:07.13,06:17.12,08:27.73,3,→Final D
159,2024,50,w1x,Repechage3組,1,國廣 萌子(成蹊大学) ,02:03.08,04:13.50,06:24.56,08:34.08,4,
160,2024,50,w1x,Repechage3組,5,,,,,,,
161,2024,50,w1x,Repechage3組,6,,,,,,,
162,2024,51,w1x,Repechage4組,1,西田 雅(関西学院大学) ,02:01.39,04:09.98,06:17.76,08:22.38,1,→Semi-Final
163,2024,51,w1x,Repechage4組,2,磴 梨菜(滋賀RC) ,02:04.57,04:14.74,06:22.90,08:27.86,2,→Final C
164,2024,51,w1x,Repechage4組,3,日比野 真奈(中部電力) ,02:01.68,04:12.94,06:23.17,08:30.66,3,→Final D
165,2024,51,w1x,Repechage4組,4,,,,,,,
166,2024,51,w1x,Repechage4組,5,,,,,,,
167,2024,51,w1x,Repechage4組,6,,,,,,,
168,2024,52,w1x,Repechage5組,3,山領 夏実(今治ローイングクラブ) ,02:03.10,04:11.01,06:18.27,08:20.13,1,→Semi-Final
169,2024,52,w1x,Repechage5組,2,清水 羽南(大阪公立大学) ,02:03.29,04:11.39,06:19.19,08:27.33,2,→Final C
170,2024,52,w1x,Repechage5組,1,髙瀬 綾乃(法政大学) ,02:03.46,04:13.14,06:28.14,08:37.65,3,→Final D
171,2024,52,w1x,Repechage5組,4,,,,,,,
172,2024,52,w1x,Repechage5組,5,,,,,,,
173,2024,52,w1x,Repechage5組,6,,,,,,,
174,2024,53,w1x,Repechage6組,2,杉田 葵(富山国際大学) ,01:57.75,04:03.02,06:10.77,08:20.26,1,→Semi-Final
175,2024,53,w1x,Repechage6組,3,佐川 千明(東京経済大学) ,02:05.80,04:15.03,06:24.10,08:33.15,2,→Final C
176,2024,53,w1x,Repechage6組,1,清野 帆乃夏(明治大学) ,02:04.62,04:21.14,06:43.96,08:57.91,3,→Final D
177,2024,53,w1x,Repechage6組,4,,,,,,,
178,2024,53,w1x,Repechage6組,5,,,,,,,
179,2024,53,w1x,Repechage6組,6,,,,,,,
180,2024,79,w1x,Final D,1,髙瀬 綾乃(法政大学) ,,,,,,
181,2024,79,w1x,Final D,2,山本 天空(岐阜協立大学) ,,,,,,
182,2024,79,w1x,Final D,3,梶谷 知歩(東京大学) ,,,,,,
183,2024,79,w1x,Final D,4,細谷 和夏(立命館大学) ,,,,,,
184,2024,79,w1x,Final D,5,日比野 真奈(中部電力) ,,,,,,
185,2024,79,w1x,Final D,6,清野 帆乃夏(明治大学) ,,,,,,
186,2024,81,w1x,Final C,1,清水 羽南(大阪公立大学) ,,,,,,
187,2024,81,w1x,Final C,2,沖田 海里(北陸電気工業) ,,,,,,
188,2024,81,w1x,Final C,3,杉田 香音(一橋大学) ,,,,,,
189,2024,81,w1x,Final C,4,清水 凜(鹿屋体育大学) ,,,,,,
190,2024,81,w1x,Final C,5,磴 梨菜(滋賀RC) ,,,,,,
191,2024,81,w1x,Final C,6,佐川 千明(東京経済大学) ,,,,,,
192,2024,91,w1x,SemiFinal1組,1,小野寺 紗耶(早稲田大学) ,,,,,,
193,2024,91,w1x,SemiFinal1組,2,長谷川 穗(明治安田生命) ,,,,,,
194,2024,91,w1x,SemiFinal1組,3,馬野 彩加(関西電力) ,,,,,,
195,2024,91,w1x,SemiFinal1組,4,西原 佳(プリントパック) ,,,,,,
196,2024,91,w1x,SemiFinal1組,5,新見 萌恵(東京海洋大学) ,,,,,,
197,2024,91,w1x,SemiFinal1組,6,杉田 葵(富山国際大学) ,,,,,,
198,2024,92,w1x,SemiFinal2組,1,西田 雅(関西学院大学) ,,,,,,
199,2024,92,w1x,SemiFinal2組,2,角谷 真緒(アイリスオーヤマ) ,,,,,,
200,2024,92,w1x,SemiFinal2組,3,米川 志保(トヨタ自動車) ,,,,,,
201,2024,92,w1x,SemiFinal2組,4,中島 真央(成立学園高校) ,,,,,,
202,2024,92,w1x,SemiFinal2組,5,野村 明日香(東北大学) ,,,,,,
203,2024,92,w1x,SemiFinal2組,6,山領 夏実(今治ローイングクラブ) ,,,,,,
204,2024,111,w1x,Final B,1,,,,,,,
205,2024,111,w1x,Final B,2,,,,,,,
206,2024,111,w1x,Final B,3,,,,,,,
207,2024,111,w1x,Final B,4,,,,,,,
208,2024,111,w1x,Final B,5,,,,,,,
209,2024,111,w1x,Final B,6,,,,,,,
210,2024,112,w1x,Final A,1,,,,,,,
211,2024,112,w1x,Final A,2,,,,,,,
212,2024,112,w1x,Final A,3,,,,,,,
213,2024,112,w1x,Final A,4,,,,,,,
214,2024,112,w1x,Final A,5,,,,,,,
215,2024,112,w1x,Final A,6,,,,,,,
216,2024,25,m2x,Heat1組,3,NTT東日本 ,01:34.62,03:12.98,04:53.18,06:34.93,1,→Final A
217,2024,25,m2x,Heat1組,1,立命館大学 ,01:42.02,03:25.80,05:09.07,06:52.62,2,→Final A
218,2024,25,m2x,Heat1組,2,日本大学 ,01:42.96,03:27.39,05:11.49,06:57.26,3,
219,2024,25,m2x,Heat1組,4,埼玉県警察機動隊 ,01:41.27,03:26.16,05:12.98,06:59.52,4,
220,2024,25,m2x,Heat1組,5,筑波大学 ,01:50.76,03:48.26,05:47.52,07:45.89,5,
221,2024,25,m2x,Heat1組,6,,,,,,,
222,2024,26,m2x,Heat2組,4,米子漕艇クラブ ,01:39.64,03:21.82,05:05.52,06:51.61,1,→Final A
223,2024,26,m2x,Heat2組,2,日本体育大学 ,01:41.03,03:25.42,05:10.79,06:54.60,2,→Final A
224,2024,26,m2x,Heat2組,1,中部電力 ,01:41.46,03:26.38,05:12.95,06:59.64,3,
225,2024,26,m2x,Heat2組,3,TeamSSP ,01:41.96,03:29.12,05:18.11,07:04.58,4,
226,2024,26,m2x,Heat2組,5,,,,,,,
227,2024,26,m2x,Heat2組,6,,,,,,,
228,2024,66,m2x,Repechage,4,中部電力 ,01:56.07,04:03.98,06:12.54,08:20.22,1,→Final A
229,2024,66,m2x,Repechage,5,埼玉県警察機動隊 ,01:56.45,04:05.46,06:15.60,08:24.10,2,→Final A
230,2024,66,m2x,Repechage,3,日本大学 ,02:00.40,04:08.52,06:17.39,08:24.65,3,→Final B
231,2024,66,m2x,Repechage,2,TeamSSP ,01:55.10,04:06.69,06:21.63,08:41.22,4,→Final B
232,2024,66,m2x,Repechage,1,筑波大学 ,02:10.58,04:48.37,07:26.89,10:01.18,5,→Final B
233,2024,66,m2x,Repechage,6,,,,,,,
234,2024,106,m2x,Final B,1,筑波大学 ,,,,,,
235,2024,106,m2x,Final B,2,日本大学 ,,,,,,
236,2024,106,m2x,Final B,3,TeamSSP ,,,,,,
237,2024,106,m2x,Final B,4,,,,,,,
238,2024,106,m2x,Final B,5,,,,,,,
239,2024,106,m2x,Final B,6,,,,,,,
240,2024,107,m2x,Final A,1,中部電力 ,,,,,,
241,2024,107,m2x,Final A,2,日本体育大学 ,,,,,,
242,2024,107,m2x,Final A,3,NTT東日本 ,,,,,,
243,2024,107,m2x,Final A,4,米子漕艇クラブ ,,,,,,
244,2024,107,m2x,Final A,5,立命館大学 ,,,,,,
245,2024,107,m2x,Final A,6,埼玉県警察機動隊 ,,,,,,
246,2024,13,w2x,Heat1組,2,トヨタRC ,01:49.35,03:42.51,05:36.31,07:28.92,1,→Final A
247,2024,13,w2x,Heat1組,3,早稲田大学 ,01:47.67,03:40.67,05:35.18,07:29.05,2,→Final A
248,2024,13,w2x,Heat1組,4,東北大学 ,01:51.64,03:46.38,05:42.40,07:35.78,3,
249,2024,13,w2x,Heat1組,5,館林女子高校 ,01:56.29,03:54.44,05:54.31,07:56.23,4,
250,2024,13,w2x,Heat1組,1,龍谷大学 ,01:57.28,03:57.92,06:02.27,08:04.10,5,
251,2024,13,w2x,Heat1組,6,,,,,,,
252,2024,14,w2x,Heat2組,5,TeamSSP ,01:49.64,03:41.41,05:35.22,07:28.77,1,→Final A
253,2024,14,w2x,Heat2組,1,戸田中央総合病院RC ,01:48.75,03:42.42,05:40.47,07:37.83,2,→Final A
254,2024,14,w2x,Heat2組,3,今治造船 ,01:52.86,03:48.44,05:45.03,07:43.22,3,
255,2024,14,w2x,Heat2組,4,関西みらい銀行 ,01:55.70,03:51.73,05:49.88,07:50.27,4,
256,2024,14,w2x,Heat2組,2,同志社大学 ,01:52.30,03:50.92,05:53.26,07:58.63,5,
257,2024,14,w2x,Heat2組,6,,,,,,,
258,2024,60,w2x,Repechage,4,今治造船 ,01:54.43,03:54.59,05:55.82,07:56.76,1,→Final A
259,2024,60,w2x,Repechage,3,東北大学 ,01:54.21,03:58.27,05:58.15,07:58.34,2,→Final A
260,2024,60,w2x,Repechage,2,関西みらい銀行 ,01:56.15,03:57.96,06:01.37,08:05.11,3,→Final B
261,2024,60,w2x,Repechage,6,同志社大学 ,01:53.75,03:56.65,06:01.80,08:05.95,4,→Final B
262,2024,60,w2x,Repechage,5,館林女子高校 ,01:56.62,03:59.27,06:04.57,08:08.17,5,→Final B
263,2024,60,w2x,Repechage,1,龍谷大学 ,01:57.50,04:01.18,06:06.54,08:10.65,6,→Final B
264,2024,115,w2x,Final B,1,館林女子高校 ,,,,,,
265,2024,115,w2x,Final B,2,関西みらい銀行 ,,,,,,
266,2024,115,w2x,Final B,3,同志社大学 ,,,,,,
267,2024,115,w2x,Final B,4,龍谷大学 ,,,,,,
268,2024,115,w2x,Final B,5,,,,,,,
269,2024,115,w2x,Final B,6,,,,,,,
270,2024,116,w2x,Final A,1,今治造船 ,,,,,,
271,2024,116,w2x,Final A,2,戸田中央総合病院RC ,,,,,,
272,2024,116,w2x,Final A,3,トヨタRC ,,,,,,
273,2024,116,w2x,Final A,4,TeamSSP ,,,,,,
274,2024,116,w2x,Final A,5,早稲田大学 ,,,,,,
275,2024,116,w2x,Final A,6,東北大学 ,,,,,,
276,2024,29,m2-,Heat1組,2,明治大学 ,01:40.88,03:23.46,05:09.09,06:53.22,1,→Final A
277,2024,29,m2-,Heat1組,4,日本大学 ,01:43.73,03:29.69,05:15.72,07:01.38,2,
278,2024,29,m2-,Heat1組,3,金沢大学 ,01:45.94,03:33.27,05:19.75,07:07.10,3,
279,2024,29,m2-,Heat1組,1,戸田中央総合病院RC ,01:43.43,03:34.07,05:27.69,07:23.98,4,
280,2024,29,m2-,Heat1組,5,,,,,,,
281,2024,29,m2-,Heat1組,6,,,,,,,
282,2024,30,m2-,Heat2組,2,トヨタ紡織 ,01:45.05,03:31.07,05:17.70,07:05.06,1,→Final A
283,2024,30,m2-,Heat2組,3,滋賀レイクスターズ ,01:44.15,03:32.88,05:19.88,07:08.01,2,
284,2024,30,m2-,Heat2組,1,慶應義塾大学 ,01:46.32,03:37.16,05:29.57,07:25.41,3,
285,2024,30,m2-,Heat2組,4,,,,,,,
286,2024,30,m2-,Heat2組,5,,,,,,,
287,2024,30,m2-,Heat2組,6,,,,,,,
288,2024,69,m2-,Repechage,5,金沢大学 ,02:05.62,04:21.72,06:36.47,08:50.01,1,→Final A
289,2024,69,m2-,Repechage,3,日本大学 ,02:09.64,04:25.55,06:38.66,08:51.66,2,→Final A
290,2024,69,m2-,Repechage,4,滋賀レイクスターズ ,02:10.79,04:25.15,06:41.09,08:54.52,3,→Final A
291,2024,69,m2-,Repechage,1,戸田中央総合病院RC ,02:06.11,04:22.22,06:39.39,08:55.41,4,→Final A
292,2024,69,m2-,Repechage,2,慶應義塾大学 ,02:09.32,04:25.32,06:41.60,08:59.54,5,
293,2024,69,m2-,Repechage,6,,,,,,,
294,2024,105,m2-,Final A,1,滋賀レイクスターズ ,,,,,,
295,2024,105,m2-,Final A,2,金沢大学 ,,,,,,
296,2024,105,m2-,Final A,3,明治大学 ,,,,,,
297,2024,105,m2-,Final A,4,トヨタ紡織 ,,,,,,
298,2024,105,m2-,Final A,5,日本大学 ,,,,,,
299,2024,105,m2-,Final A,6,戸田中央総合病院RC ,,,,,,
300,2024,17,w2-,Heat1組,4,滋賀大学 ,01:58.12,03:57.50,05:56.80,07:53.71,1,→Final A
301,2024,17,w2-,Heat1組,3,明治大学 ,02:00.70,04:02.24,06:04.08,08:05.06,2,→Final A
302,2024,17,w2-,Heat1組,2,慶應義塾大学 ,02:02.26,04:06.71,06:10.80,08:12.52,3,
303,2024,17,w2-,Heat1組,5,大阪大学 ,02:02.72,04:06.50,06:12.29,08:14.69,4,
304,2024,17,w2-,Heat1組,1,早稲田大学 ,02:03.05,04:07.19,06:14.41,08:19.95,5,
305,2024,17,w2-,Heat1組,6,,,,,,,
306,2024,18,w2-,Heat2組,2,NTT東日本 ,01:54.58,03:52.08,05:49.67,07:47.54,1,→Final A
307,2024,18,w2-,Heat2組,3,立教大学 ,01:57.85,03:56.76,05:57.20,07:59.17,2,→Final A
308,2024,18,w2-,Heat2組,4,立命館大学 ,01:59.17,04:00.68,06:01.90,08:04.82,3,
309,2024,18,w2-,Heat2組,1,神戸大学 ,02:03.71,04:07.34,06:10.44,08:10.58,4,
310,2024,18,w2-,Heat2組,5,,,,,,,
311,2024,18,w2-,Heat2組,6,,,,,,,
312,2024,62,w2-,Repechage,4,立命館大学 ,02:04.67,04:16.98,06:32.32,08:50.43,1,→Final A
313,2024,62,w2-,Repechage,3,慶應義塾大学 ,02:08.31,04:23.06,06:35.33,08:52.37,2,→Final A
314,2024,62,w2-,Repechage,2,神戸大学 ,02:08.91,04:23.71,06:37.99,08:57.78,3,→Final B
315,2024,62,w2-,Repechage,5,大阪大学 ,02:07.89,04:22.78,06:39.15,08:58.73,4,→Final B
316,2024,62,w2-,Repechage,1,早稲田大学 ,02:09.23,04:25.46,06:46.17,09:10.28,5,→Final B
317,2024,62,w2-,Repechage,6,,,,,,,
318,2024,86,w2-,Final B,1,早稲田大学 ,,,,,,
319,2024,86,w2-,Final B,2,神戸大学 ,,,,,,
320,2024,86,w2-,Final B,3,大阪大学 ,,,,,,
321,2024,86,w2-,Final B,4,,,,,,,
322,2024,86,w2-,Final B,5,,,,,,,
323,2024,86,w2-,Final B,6,,,,,,,
324,2024,87,w2-,Final A,1,立命館大学 ,,,,,,
325,2024,87,w2-,Final A,2,立教大学 ,,,,,,
326,2024,87,w2-,Final A,3,滋賀大学 ,,,,,,
327,2024,87,w2-,Final A,4,NTT東日本 ,,,,,,
328,2024,87,w2-,Final A,5,明治大学 ,,,,,,
329,2024,87,w2-,Final A,6,慶應義塾大学 ,,,,,,
330,2024,37,m4-,Heat1組,1,関西電力 ,01:35.45,03:11.54,04:47.81,06:22.08,1,→Semi-Final
331,2024,37,m4-,Heat1組,2,京都大学 ,01:35.02,03:13.86,04:50.16,06:27.34,2,→Semi-Final
332,2024,37,m4-,Heat1組,5,慶應義塾大学 ,01:35.75,03:13.24,04:52.10,06:31.65,3,
333,2024,37,m4-,Heat1組,4,富山国際大学 ,01:38.64,03:21.46,05:03.05,06:44.50,4,
334,2024,37,m4-,Heat1組,6,法政大学 ,01:39.15,03:20.28,05:03.85,06:46.96,5,
335,2024,37,m4-,Heat1組,3,大阪公立大学 ,01:40.49,03:23.37,05:08.62,06:53.10,6,
336,2024,38,m4-,Heat2組,2,戸田中央総合病院RC ,01:33.93,03:08.25,04:43.03,06:15.94,1,→Semi-Final
337,2024,38,m4-,Heat2組,3,日本大学 ,01:35.19,03:11.23,04:50.55,06:30.72,2,→Semi-Final
338,2024,38,m4-,Heat2組,4,中央大学 ,01:34.72,03:14.38,04:54.86,06:37.42,3,
339,2024,38,m4-,Heat2組,5,東北大学 ,01:41.08,03:24.96,05:09.90,06:50.81,4,
340,2024,38,m4-,Heat2組,1,同志社大学 ,01:39.95,03:23.76,05:07.96,06:50.94,5,
341,2024,38,m4-,Heat2組,6,,,,,,,
342,2024,39,m4-,Heat3組,1,早稲田大学 ,01:31.54,03:08.99,04:46.84,06:24.56,1,→Semi-Final
343,2024,39,m4-,Heat3組,3,立教大学 ,01:35.18,03:14.09,04:54.53,06:34.75,2,→Semi-Final
344,2024,39,m4-,Heat3組,5,日本体育大学 ,01:36.51,03:17.23,04:57.84,06:37.12,3,
345,2024,39,m4-,Heat3組,4,東京経済大学 ,01:37.50,03:16.75,04:59.20,06:40.38,4,
346,2024,39,m4-,Heat3組,2,トヨタRC ,01:37.70,03:19.89,05:07.15,06:50.82,5,
347,2024,39,m4-,Heat3組,6,,,,,,,
348,2024,73,m4-,Repechage1組,4,中央大学 ,01:47.82,03:41.39,05:36.32,07:29.79,1,→Semi-Final
349,2024,73,m4-,Repechage1組,3,慶應義塾大学 ,01:48.14,03:43.20,05:39.65,07:34.32,2,→Semi-Final
350,2024,73,m4-,Repechage1組,5,同志社大学 ,01:49.80,03:48.80,05:47.84,07:48.31,3,→Semi-Final
351,2024,73,m4-,Repechage1組,2,東京経済大学 ,01:53.58,03:54.62,05:55.28,07:57.06,4,→Final C
352,2024,73,m4-,Repechage1組,1,大阪公立大学 ,01:53.80,03:56.65,06:01.89,08:04.87,5,→Final C
353,2024,73,m4-,Repechage1組,6,,,,,,,
354,2024,74,m4-,Repechage2組,5,法政大学 ,01:49.85,03:44.39,05:36.99,07:28.48,1,→Semi-Final
355,2024,74,m4-,Repechage2組,3,日本体育大学 ,01:49.44,03:44.06,05:38.72,07:33.67,2,→Semi-Final
356,2024,74,m4-,Repechage2組,1,トヨタRC ,01:50.93,03:47.56,05:45.76,07:39.70,3,→Semi-Final
357,2024,74,m4-,Repechage2組,2,東北大学 ,01:51.25,03:51.78,05:49.62,07:45.63,4,→Final C
358,2024,74,m4-,Repechage2組,4,富山国際大学 ,01:47.26,03:43.16,05:39.71,07:45.95,5,→Final C
359,2024,74,m4-,Repechage2組,6,,,,,,,
360,2024,84,m4-,Final C,1,富山国際大学 ,,,,,,
361,2024,84,m4-,Final C,2,東京経済大学 ,,,,,,
362,2024,84,m4-,Final C,3,東北大学 ,,,,,,
363,2024,84,m4-,Final C,4,大阪公立大学 ,,,,,,
364,2024,84,m4-,Final C,5,,,,,,,
365,2024,84,m4-,Final C,6,,,,,,,
366,2024,97,m4-,SemiFinal1組,1,日本体育大学 ,,,,,,
367,2024,97,m4-,SemiFinal1組,2,立教大学 ,,,,,,
368,2024,97,m4-,SemiFinal1組,3,関西電力 ,,,,,,
369,2024,97,m4-,SemiFinal1組,4,戸田中央総合病院RC ,,,,,,
370,2024,97,m4-,SemiFinal1組,5,中央大学 ,,,,,,
371,2024,97,m4-,SemiFinal1組,6,トヨタRC ,,,,,,
372,2024,98,m4-,SemiFinal2組,1,慶應義塾大学 ,,,,,,
373,2024,98,m4-,SemiFinal2組,2,日本大学 ,,,,,,
374,2024,98,m4-,SemiFinal2組,3,早稲田大学 ,,,,,,
375,2024,98,m4-,SemiFinal2組,4,京都大学 ,,,,,,
376,2024,98,m4-,SemiFinal2組,5,法政大学 ,,,,,,
377,2024,98,m4-,SemiFinal2組,6,同志社大学 ,,,,,,
378,2024,125,m4-,Final B,1,,,,,,,
379,2024,125,m4-,Final B,2,,,,,,,
380,2024,125,m4-,Final B,3,,,,,,,
381,2024,125,m4-,Final B,4,,,,,,,
382,2024,125,m4-,Final B,5,,,,,,,
383,2024,125,m4-,Final B,6,,,,,,,
384,2024,126,m4-,Final A,1,,,,,,,
385,2024,126,m4-,Final A,2,,,,,,,
386,2024,126,m4-,Final A,3,,,,,,,
387,2024,126,m4-,Final A,4,,,,,,,
388,2024,126,m4-,Final A,5,,,,,,,
389,2024,126,m4-,Final A,6,,,,,,,
390,2024,33,m4x,Heat1組,4,中部電力 ,01:31.79,03:06.92,04:41.35,06:15.36,1,→Semi-Final
391,2024,33,m4x,Heat1組,3,立命館大学 ,01:33.64,03:09.14,04:43.68,06:17.00,2,→Semi-Final
392,2024,33,m4x,Heat1組,1,東レ滋賀 ,01:33.04,03:09.31,04:44.57,06:22.47,3,
393,2024,33,m4x,Heat1組,2,慶應義塾大学 ,01:35.39,03:14.40,04:55.83,06:36.51,4,
394,2024,33,m4x,Heat1組,5,日本体育大学 ,01:36.65,03:16.63,04:58.94,06:40.16,5,
395,2024,33,m4x,Heat1組,6,,,,,,,
396,2024,34,m4x,Heat2組,3,警視庁 ,01:31.43,03:05.92,04:41.92,06:21.33,1,→Semi-Final
397,2024,34,m4x,Heat2組,1,龍谷大学 ,01:31.79,03:07.20,04:44.56,06:22.89,2,→Semi-Final
398,2024,34,m4x,Heat2組,4,大阪公立大学 ,01:35.17,03:13.76,04:51.04,06:29.28,3,
399,2024,34,m4x,Heat2組,5,京都大学 ,01:38.75,03:17.99,04:57.37,06:37.15,4,
400,2024,34,m4x,Heat2組,2,早稲田大学 ,01:33.97,03:14.10,04:55.26,06:37.37,5,
401,2024,34,m4x,Heat2組,6,,,,,,,
402,2024,35,m4x,Heat3組,5,東京経済大学 ,01:32.06,03:06.52,04:42.26,06:14.28,1,→Semi-Final
403,2024,35,m4x,Heat3組,2,明治大学 ,01:31.58,03:06.08,04:41.28,06:14.90,2,→Semi-Final
404,2024,35,m4x,Heat3組,4,今治造船 ,01:35.32,03:11.28,04:47.57,06:24.34,3,
405,2024,35,m4x,Heat3組,3,同志社大学 ,01:32.82,03:09.72,04:50.07,06:34.46,4,
406,2024,35,m4x,Heat3組,1,仙台大学 ,01:38.81,03:19.51,04:59.65,06:39.30,5,
407,2024,35,m4x,Heat3組,6,,,,,,,
408,2024,36,m4x,Heat4組,2,NTT東日本 ,01:30.32,03:02.48,04:35.09,06:08.00,1,→Semi-Final
409,2024,36,m4x,Heat4組,4,日本大学 ,01:30.53,03:04.49,04:39.03,06:12.08,2,→Semi-Final
410,2024,36,m4x,Heat4組,3,中央大学 ,01:32.95,03:09.14,04:46.27,06:24.39,3,
411,2024,36,m4x,Heat4組,1,富山国際大学 ,01:33.14,03:08.82,04:47.97,06:26.93,4,
412,2024,36,m4x,Heat4組,5,,,,,,,
413,2024,36,m4x,Heat4組,6,,,,,,,
414,2024,71,m4x,Repechage1組,4,今治造船 ,01:47.04,03:38.68,05:33.04,07:27.28,1,→Semi-Final
415,2024,71,m4x,Repechage1組,5,富山国際大学 ,01:46.67,03:38.25,05:33.47,07:29.94,2,→Semi-Final
416,2024,71,m4x,Repechage1組,3,東レ滋賀 ,01:46.27,03:36.00,05:33.23,07:30.22,3,→Final C
417,2024,71,m4x,Repechage1組,1,日本体育大学 ,01:54.03,03:50.78,05:54.70,08:00.02,4,→Final C
418,2024,71,m4x,Repechage1組,2,京都大学 ,01:54.59,03:55.71,06:03.73,08:08.74,5,→Final C
419,2024,71,m4x,Repechage1組,6,,,,,,,
420,2024,72,m4x,Repechage2組,4,中央大学 ,01:47.47,03:42.16,05:35.16,07:25.96,1,→Semi-Final
421,2024,72,m4x,Repechage2組,5,同志社大学 ,01:47.05,03:41.60,05:34.52,07:26.86,2,→Semi-Final
422,2024,72,m4x,Repechage2組,6,仙台大学 ,01:49.90,03:44.15,05:37.25,07:28.29,3,→Final C
423,2024,72,m4x,Repechage2組,3,大阪公立大学 ,01:50.58,03:47.74,05:43.06,07:38.19,4,→Final C
424,2024,72,m4x,Repechage2組,2,慶應義塾大学 ,01:51.40,03:50.22,05:49.19,07:47.50,5,→Final C
425,2024,72,m4x,Repechage2組,1,早稲田大学 ,01:57.18,03:57.24,05:56.75,07:55.77,6,
426,2024,83,m4x,Final C,1,京都大学 ,,,,,,
427,2024,83,m4x,Final C,2,大阪公立大学 ,,,,,,
428,2024,83,m4x,Final C,3,東レ滋賀 ,,,,,,
429,2024,83,m4x,Final C,4,仙台大学 ,,,,,,
430,2024,83,m4x,Final C,5,日本体育大学 ,,,,,,
431,2024,83,m4x,Final C,6,慶應義塾大学 ,,,,,,
432,2024,95,m4x,SemiFinal1組,1,中央大学 ,,,,,,
433,2024,95,m4x,SemiFinal1組,2,龍谷大学 ,,,,,,
434,2024,95,m4x,SemiFinal1組,3,中部電力 ,,,,,,
435,2024,95,m4x,SemiFinal1組,4,東京経済大学 ,,,,,,
436,2024,95,m4x,SemiFinal1組,5,日本大学 ,,,,,,
437,2024,95,m4x,SemiFinal1組,6,富山国際大学 ,,,,,,
438,2024,96,m4x,SemiFinal2組,1,今治造船 ,,,,,,
439,2024,96,m4x,SemiFinal2組,2,立命館大学 ,,,,,,
440,2024,96,m4x,SemiFinal2組,3,警視庁 ,,,,,,
441,2024,96,m4x,SemiFinal2組,4,NTT東日本 ,,,,,,
442,2024,96,m4x,SemiFinal2組,5,明治大学 ,,,,,,
443,2024,96,m4x,SemiFinal2組,6,同志社大学 ,,,,,,
444,2024,121,m4x,Final B,1,,,,,,,
445,2024,121,m4x,Final B,2,,,,,,,
446,2024,121,m4x,Final B,3,,,,,,,
447,2024,121,m4x,Final B,4,,,,,,,
448,2024,121,m4x,Final B,5,,,,,,,
449,2024,121,m4x,Final B,6,,,,,,,
450,2024,122,m4x,Final A,1,,,,,,,
451,2024,122,m4x,Final A,2,,,,,,,
452,2024,122,m4x,Final A,3,,,,,,,
453,2024,122,m4x,Final A,4,,,,,,,
454,2024,122,m4x,Final A,5,,,,,,,
455,2024,122,m4x,Final A,6,,,,,,,
456,2024,21,w4x,Heat1組,4,明治安田生命 ,01:39.52,03:21.35,05:03.26,06:42.61,1,→Final A
457,2024,21,w4x,Heat1組,1,NTT東日本 ,01:44.10,03:29.91,05:17.95,07:04.55,2,→Final A
458,2024,21,w4x,Heat1組,3,中央大学 ,01:42.75,03:33.33,05:25.05,07:17.41,3,
459,2024,21,w4x,Heat1組,5,京都大学 ,01:47.72,03:40.02,05:31.94,07:19.88,4,
460,2024,21,w4x,Heat1組,2,日本体育大学 ,01:49.24,03:41.11,05:35.70,07:31.05,5,
461,2024,21,w4x,Heat1組,6,,,,,,,
462,2024,22,w4x,Heat2組,1,関西電力 ,01:38.45,03:21.04,05:03.89,06:45.44,1,→Final A
463,2024,22,w4x,Heat2組,5,デンソーオルカリス ,01:39.17,03:21.24,05:03.29,06:48.44,2,→Final A
464,2024,22,w4x,Heat2組,4,明治大学 ,01:41.26,03:24.87,05:09.58,06:54.20,3,
465,2024,22,w4x,Heat2組,3,仙台大学 ,01:44.66,03:29.41,05:12.74,06:54.53,4,
466,2024,22,w4x,Heat2組,2,同志社大学 ,01:48.97,03:42.63,05:37.94,07:34.34,5,
467,2024,22,w4x,Heat2組,6,,,,,,,
468,2024,64,w4x,Repechage,2,仙台大学 ,01:53.04,03:54.67,05:55.07,07:51.86,1,→Final A
469,2024,64,w4x,Repechage,4,明治大学 ,01:51.74,03:52.72,05:55.15,07:56.47,2,→Final A
470,2024,64,w4x,Repechage,3,中央大学 ,01:52.82,03:57.15,06:03.83,08:07.35,3,→Final B
471,2024,64,w4x,Repechage,5,京都大学 ,01:54.73,04:04.53,06:13.21,08:16.12,4,→Final B
472,2024,64,w4x,Repechage,1,日本体育大学 ,01:56.60,04:05.43,06:16.32,08:23.64,5,→Final B
473,2024,64,w4x,Repechage,6,同志社大学 ,02:08.51,04:18.91,06:31.89,08:39.23,6,→Final B
474,2024,129,w4x,Final B,1,日本体育大学 ,,,,,,
475,2024,129,w4x,Final B,2,中央大学 ,,,,,,
476,2024,129,w4x,Final B,3,京都大学 ,,,,,,
477,2024,129,w4x,Final B,4,同志社大学 ,,,,,,
478,2024,129,w4x,Final B,5,,,,,,,
479,2024,129,w4x,Final B,6,,,,,,,
480,2024,132,w4x,Final A,1,仙台大学 ,,,,,,
481,2024,132,w4x,Final A,2,デンソーオルカリス ,,,,,,
482,2024,132,w4x,Final A,3,明治安田生命 ,,,,,,
483,2024,132,w4x,Final A,4,関西電力 ,,,,,,
484,2024,132,w4x,Final A,5,NTT東日本 ,,,,,,
485,2024,132,w4x,Final A,6,明治大学 ,,,,,,
486,2024,40,m4+,Heat1組,1,大阪公立大学 ,01:39.20,03:21.40,05:05.14,06:47.76,1,→Semi-Final
487,2024,40,m4+,Heat1組,2,早稲田大学 ,01:42.57,03:26.92,05:12.11,06:52.58,2,→Semi-Final
488,2024,40,m4+,Heat1組,4,同志社大学 ,01:42.03,03:26.40,05:10.87,06:56.53,3,
489,2024,40,m4+,Heat1組,5,一橋大学 ,01:43.34,03:29.58,05:16.44,07:02.11,4,
490,2024,40,m4+,Heat1組,6,埼玉県警察機動隊 ,01:43.87,03:31.10,05:17.88,07:02.23,5,
491,2024,40,m4+,Heat1組,3,広島大学 ,01:50.71,03:41.11,05:34.30,07:24.67,6,
492,2024,41,m4+,Heat2組,2,TeamSSP ,01:36.26,03:16.44,04:56.49,06:35.12,1,→Semi-Final
493,2024,41,m4+,Heat2組,4,日本大学 ,01:38.33,03:17.88,04:58.55,06:40.81,2,→Semi-Final
494,2024,41,m4+,Heat2組,6,慶應義塾大学 ,01:38.73,03:20.55,05:02.78,06:43.49,3,
495,2024,41,m4+,Heat2組,5,京都大学 ,01:39.39,03:21.33,05:03.43,06:44.97,4,
496,2024,41,m4+,Heat2組,1,立教大学 ,01:41.18,03:25.77,05:13.06,07:00.12,5,
497,2024,41,m4+,Heat2組,3,筑波大学 ,01:47.82,03:40.01,05:29.94,07:21.22,6,
498,2024,42,m4+,Heat3組,5,富山国際大学 ,01:37.20,03:16.43,04:56.28,06:36.08,1,→Semi-Final
499,2024,42,m4+,Heat3組,4,明治大学 ,01:38.23,03:17.75,04:58.78,06:36.90,2,→Semi-Final
500,2024,42,m4+,Heat3組,3,龍谷大学 ,01:41.81,03:26.55,05:13.95,07:01.84,3,
501,2024,42,m4+,Heat3組,2,関西大学 ,01:44.80,03:31.23,05:17.74,07:03.83,4,
502,2024,42,m4+,Heat3組,1,東京経済大学 ,01:44.06,03:28.65,05:25.98,07:29.88,5,
503,2024,42,m4+,Heat3組,6,,,,,,,
504,2024,75,m4+,Repechage1組,5,東京経済大学 ,01:50.02,03:48.55,05:47.57,07:43.22,1,→Semi-Final
505,2024,75,m4+,Repechage1組,2,京都大学 ,01:50.71,03:50.46,05:50.31,07:46.33,2,→Semi-Final
506,2024,75,m4+,Repechage1組,4,龍谷大学 ,01:52.78,03:52.25,05:51.69,07:49.32,3,→Semi-Final
507,2024,75,m4+,Repechage1組,3,同志社大学 ,01:52.96,03:54.41,05:55.59,07:57.15,4,→Final C
508,2024,75,m4+,Repechage1組,6,筑波大学 ,01:56.01,03:57.75,06:00.68,08:00.20,5,→Final C
509,2024,75,m4+,Repechage1組,1,広島大学 ,02:02.96,04:17.22,06:34.39,08:48.02,6,→Final C
510,2024,76,m4+,Repechage2組,3,慶應義塾大学 ,01:48.14,03:45.96,05:43.24,07:37.67,1,→Semi-Final
511,2024,76,m4+,Repechage2組,5,埼玉県警察機動隊 ,01:47.71,03:46.90,05:45.78,07:40.44,2,→Semi-Final
512,2024,76,m4+,Repechage2組,2,関西大学 ,01:53.51,03:54.97,05:55.14,07:52.18,3,→Semi-Final
513,2024,76,m4+,Repechage2組,4,一橋大学 ,01:53.83,03:56.70,05:57.85,07:52.88,4,→Final C
514,2024,76,m4+,Repechage2組,1,立教大学 ,01:53.08,03:56.35,05:58.87,08:02.61,5,→Final C
515,2024,76,m4+,Repechage2組,6,,,,,,,
516,2024,85,m4+,Final C,1,広島大学 ,,,,,,
517,2024,85,m4+,Final C,2,立教大学 ,,,,,,
518,2024,85,m4+,Final C,3,同志社大学 ,,,,,,
519,2024,85,m4+,Final C,4,一橋大学 ,,,,,,
520,2024,85,m4+,Final C,5,筑波大学 ,,,,,,
521,2024,85,m4+,Final C,6,,,,,,,
522,2024,99,m4+,SemiFinal1組,1,京都大学 ,,,,,,
523,2024,99,m4+,SemiFinal1組,2,日本大学 ,,,,,,
524,2024,99,m4+,SemiFinal1組,3,大阪公立大学 ,,,,,,
525,2024,99,m4+,SemiFinal1組,4,富山国際大学 ,,,,,,
526,2024,99,m4+,SemiFinal1組,5,慶應義塾大学 ,,,,,,
527,2024,99,m4+,SemiFinal1組,6,龍谷大学 ,,,,,,
528,2024,100,m4+,SemiFinal2組,1,埼玉県警察機動隊 ,,,,,,
529,2024,100,m4+,SemiFinal2組,2,明治大学 ,,,,,,
530,2024,100,m4+,SemiFinal2組,3,TeamSSP ,,,,,,
531,2024,100,m4+,SemiFinal2組,4,早稲田大学 ,,,,,,
532,2024,100,m4+,SemiFinal2組,5,東京経済大学 ,,,,,,
533,2024,100,m4+,SemiFinal2組,6,関西大学 ,,,,,,
534,2024,130,m4+,Final B,1,,,,,,,
535,2024,130,m4+,Final B,2,,,,,,,
536,2024,130,m4+,Final B,3,,,,,,,
537,2024,130,m4+,Final B,4,,,,,,,
538,2024,130,m4+,Final B,5,,,,,,,
539,2024,130,m4+,Final B,6,,,,,,,
540,2024,133,m4+,Final A,1,,,,,,,
541,2024,133,m4+,Final A,2,,,,,,,
542,2024,133,m4+,Final A,3,,,,,,,
543,2024,133,m4+,Final A,4,,,,,,,
544,2024,133,m4+,Final A,5,,,,,,,
545,2024,133,m4+,Final A,6,,,,,,,
546,2024,23,w4+,Heat1組,3,仙台大学 ,01:50.44,03:39.66,05:29.28,07:18.24,1,→Final A
547,2024,23,w4+,Heat1組,1,デンソーオルカリス ,01:48.53,03:39.29,05:30.12,07:19.13,2,→Final A
548,2024,23,w4+,Heat1組,2,中央大学 ,01:50.97,03:43.01,05:36.25,07:29.69,3,
549,2024,23,w4+,Heat1組,5,早稲田大学 ,01:53.59,03:46.44,05:39.91,07:36.61,4,
550,2024,23,w4+,Heat1組,4,明治大学 ,01:54.04,03:47.72,05:42.97,07:38.84,5,
551,2024,23,w4+,Heat1組,6,,,,,,,
552,2024,24,w4+,Heat2組,1,立命館大学 ,01:48.47,03:39.73,05:31.38,07:22.54,1,→Final A
553,2024,24,w4+,Heat2組,3,法政大学 ,01:51.82,03:42.76,05:34.15,07:24.74,2,→Final A
554,2024,24,w4+,Heat2組,5,筑波大学 ,01:55.66,03:52.15,05:48.73,07:41.91,3,
555,2024,24,w4+,Heat2組,2,立教大学 ,01:53.97,03:48.58,05:44.58,07:42.24,4,
556,2024,24,w4+,Heat2組,4,慶應義塾大学 ,02:00.48,04:05.18,06:09.67,08:14.93,5,
557,2024,24,w4+,Heat2組,6,,,,,,,
558,2024,65,w4+,Repechage,2,立教大学 ,02:04.73,04:12.49,06:21.72,08:30.56,1,→Final A
559,2024,65,w4+,Repechage,1,明治大学 ,02:03.33,04:14.25,06:25.73,08:33.49,2,→Final A
560,2024,65,w4+,Repechage,3,中央大学 ,02:07.90,04:21.72,06:32.92,08:41.26,3,→Final B
561,2024,65,w4+,Repechage,5,早稲田大学 ,02:07.20,04:18.58,06:32.12,08:45.15,4,→Final B
562,2024,65,w4+,Repechage,4,筑波大学 ,02:09.55,04:28.21,06:48.56,09:05.80,5,→Final B
563,2024,65,w4+,Repechage,6,慶應義塾大学 ,02:17.29,04:42.81,07:03.95,09:27.25,6,→Final B
564,2024,127,w4+,Final B,1,筑波大学 ,,,,,,
565,2024,127,w4+,Final B,2,中央大学 ,,,,,,
566,2024,127,w4+,Final B,3,早稲田大学 ,,,,,,
567,2024,127,w4+,Final B,4,慶應義塾大学 ,,,,,,
568,2024,127,w4+,Final B,5,,,,,,,
569,2024,127,w4+,Final B,6,,,,,,,
570,2024,128,w4+,Final A,1,立教大学 ,,,,,,
571,2024,128,w4+,Final A,2,法政大学 ,,,,,,
572,2024,128,w4+,Final A,3,仙台大学 ,,,,,,
573,2024,128,w4+,Final A,4,立命館大学 ,,,,,,
574,2024,128,w4+,Final A,5,デンソーオルカリス ,,,,,,
575,2024,128,w4+,Final A,6,明治大学 ,,,,,,
576,2024,43,m8+,Heat1組,5,日本大学 ,01:27.03,02:53.97,04:21.90,05:46.82,1,→Semi-Final
577,2024,43,m8+,Heat1組,3,明治安田生命 ,01:25.86,02:53.72,04:20.96,05:47.55,2,→Semi-Final
578,2024,43,m8+,Heat1組,2,仙台大学 ,01:28.68,02:57.21,04:26.53,05:53.98,3,→Semi-Final
579,2024,43,m8+,Heat1組,1,中央大学 ,01:26.68,02:56.77,04:26.75,05:56.67,4,
580,2024,43,m8+,Heat1組,4,東北大学 ,01:30.68,03:00.81,04:31.83,06:03.31,5,
581,2024,43,m8+,Heat1組,6,,,,,,,
582,2024,44,m8+,Heat2組,3,東レ滋賀 ,01:27.64,02:55.91,04:25.07,05:52.90,1,→Semi-Final
583,2024,44,m8+,Heat2組,4,一橋大学 ,01:31.96,03:04.64,04:40.70,06:16.16,2,→Semi-Final
584,2024,44,m8+,Heat2組,1,慶應義塾大学 ,01:34.16,03:09.69,04:45.44,06:22.42,3,→Semi-Final
585,2024,44,m8+,Heat2組,2,東京工業大学 ,01:33.36,03:08.78,04:46.19,06:41.45,4,
586,2024,44,m8+,Heat2組,5,,,,,,,
587,2024,44,m8+,Heat2組,6,,,,,,,
588,2024,45,m8+,Heat3組,2,トヨタ紡織 ,01:25.85,02:52.99,04:19.74,05:45.65,1,→Semi-Final
589,2024,45,m8+,Heat3組,1,NTT東日本 ,01:25.57,02:53.20,04:20.55,05:45.91,2,→Semi-Final
590,2024,45,m8+,Heat3組,4,明治大学 ,01:30.08,03:00.94,04:31.90,06:03.83,3,→Semi-Final
591,2024,45,m8+,Heat3組,3,早稲田大学 ,01:29.29,03:01.22,04:34.07,06:07.95,4,
592,2024,45,m8+,Heat3組,5,,,,,,,
593,2024,45,m8+,Heat3組,6,,,,,,,
594,2024,77,m8+,Repechage,4,東北大学 ,01:36.41,03:16.65,04:59.36,06:40.86,1,→Semi-Final
595,2024,77,m8+,Repechage,2,中央大学 ,01:33.81,03:15.75,05:01.55,06:46.98,2,→Semi-Final
596,2024,77,m8+,Repechage,1,早稲田大学 ,01:36.19,03:20.68,05:07.97,06:52.30,3,→Semi-Final
597,2024,77,m8+,Repechage,3,東京工業大学 ,01:41.18,03:32.45,05:29.05,07:20.22,4,
598,2024,77,m8+,Repechage,5,,,,,,,
599,2024,77,m8+,Repechage,6,,,,,,,
600,2024,101,m8+,SemiFinal1組,1,仙台大学 ,,,,,,
601,2024,101,m8+,SemiFinal1組,2,NTT東日本 ,,,,,,
602,2024,101,m8+,SemiFinal1組,3,日本大学 ,,,,,,
603,2024,101,m8+,SemiFinal1組,4,東レ滋賀 ,,,,,,
604,2024,101,m8+,SemiFinal1組,5,慶應義塾大学 ,,,,,,
605,2024,101,m8+,SemiFinal1組,6,早稲田大学 ,,,,,,
606,2024,102,m8+,SemiFinal2組,1,東北大学 ,,,,,,
607,2024,102,m8+,SemiFinal2組,2,一橋大学 ,,,,,,
608,2024,102,m8+,SemiFinal2組,3,トヨタ紡織 ,,,,,,
609,2024,102,m8+,SemiFinal2組,4,明治安田生命 ,,,,,,
610,2024,102,m8+,SemiFinal2組,5,明治大学 ,,,,,,
611,2024,102,m8+,SemiFinal2組,6,中央大学 ,,,,,,
612,2024,131,m8+,Final B,1,,,,,,,
613,2024,131,m8+,Final B,2,,,,,,,
614,2024,131,m8+,Final B,3,,,,,,,
615,2024,131,m8+,Final B,4,,,,,,,
616,2024,131,m8+,Final B,5,,,,,,,
617,2024,131,m8+,Final B,6,,,,,,,
618,2024,134,m8+,Final A,1,,,,,,,
619,2024,134,m8+,Final A,2,,,,,,,
620,2024,134,m8+,Final A,3,,,,,,,
621,2024,134,m8+,Final A,4,,,,,,,
622,2024,134,m8+,Final A,5,,,,,,,
623,2024,134,m8+,Final A,6,,,,,,,
624,2024,46,w8+,Heat1組,4,仙台大学 ,01:41.35,03:21.67,05:00.64,06:39.36,1,→Final A
625,2024,46,w8+,Heat1組,2,関西みらい銀行 ,01:39.04,03:18.94,04:59.97,06:41.15,2,→Final A
626,2024,46,w8+,Heat1組,3,早稲田大学 ,01:42.69,03:24.98,05:09.23,06:51.83,3,
627,2024,46,w8+,Heat1組,5,中央大学 ,01:42.91,03:25.33,05:08.55,06:53.22,4,
628,2024,46,w8+,Heat1組,1,立教大学 ,01:44.15,03:28.05,05:12.57,06:56.55,5,
629,2024,46,w8+,Heat1組,6,,,,,,,
630,2024,47,w8+,Heat2組,3,デンソーオルカリス ,01:37.52,03:17.01,04:57.01,06:35.76,1,→Final A
631,2024,47,w8+,Heat2組,2,同志社大学 ,01:39.43,03:20.97,05:02.31,06:46.17,2,→Final A
632,2024,47,w8+,Heat2組,5,日本体育大学 ,01:44.32,03:29.82,05:16.13,07:02.74,3,
633,2024,47,w8+,Heat2組,1,東京海洋大学 ,01:48.92,03:37.86,05:25.10,07:10.86,4,
634,2024,47,w8+,Heat2組,4,慶應義塾大学 ,01:47.47,03:39.38,05:29.03,07:19.43,5,
635,2024,47,w8+,Heat2組,6,,,,,,,
636,2024,78,w8+,Repechage,5,中央大学 ,01:52.08,03:50.26,05:51.03,07:44.69,1,→Final A
637,2024,78,w8+,Repechage,1,立教大学 ,01:54.63,03:53.41,05:51.62,07:44.78,2,→Final A
638,2024,78,w8+,Repechage,4,日本体育大学 ,01:54.72,03:55.84,05:56.97,07:48.98,3,→Final B
639,2024,78,w8+,Repechage,3,早稲田大学 ,01:53.38,03:53.66,05:54.56,07:50.89,4,→Final B
640,2024,78,w8+,Repechage,6,慶應義塾大学 ,01:58.64,04:04.31,06:10.04,08:07.60,5,→Final B
641,2024,78,w8+,Repechage,2,東京海洋大学 ,02:04.04,04:11.06,06:17.69,08:18.26,6,→Final B
642,2024,108,w8+,Final B,1,慶應義塾大学 ,,,,,,
643,2024,108,w8+,Final B,2,日本体育大学 ,,,,,,
644,2024,108,w8+,Final B,3,早稲田大学 ,,,,,,
645,2024,108,w8+,Final B,4,東京海洋大学 ,,,,,,
646,2024,108,w8+,Final B,5,,,,,,,
647,2024,108,w8+,Final B,6,,,,,,,
648,2024,109,w8+,Final A,1,中央大学 ,,,,,,
649,2024,109,w8+,Final A,2,同志社大学 ,,,,,,
650,2024,109,w8+,Final A,3,仙台大学 ,,,,,,
651,2024,109,w8+,Final A,4,デンソーオルカリス ,,,,,,
652,2024,109,w8+,Final A,5,関西みらい銀行 ,,,,,,
653,2024,109,w8+,Final A,6,立教大学 ,,,,,,
